<oval_definitions xmlns="http://oval.mitre.org/XMLSchema/oval-definitions-5" xmlns:oval="http://oval.mitre.org/XMLSchema/oval-common-5" xmlns:ind="http://oval.mitre.org/XMLSchema/oval-definitions-5#independent" xmlns:unix="http://oval.mitre.org/XMLSchema/oval-definitions-5#unix" xmlns:linux="http://oval.mitre.org/XMLSchema/oval-definitions-5#linux" xmlns:macos="http://oval.mitre.org/XMLSchema/oval-definitions-5#macos" xmlns:xsi="http://www.w3.org/2001/XMLSchema-instance" xsi:schemaLocation="http://oval.mitre.org/XMLSchema/oval-common-5 oval-common-schema.xsd   http://oval.mitre.org/XMLSchema/oval-definitions-5 oval-definitions-schema.xsd   http://oval.mitre.org/XMLSchema/oval-definitions-5#independent independent-definitions-schema.xsd   http://oval.mitre.org/XMLSchema/oval-definitions-5#unix unix-definitions-schema.xsd   http://oval.mitre.org/XMLSchema/oval-definitions-5#linux linux-definitions-schema.xsd">
  <!--

These OVAL checks demonstrate usage of the plist_test,
which permits programmatic query of settings inside an iOS Configuration
Profile.  Open-source and commercially-available OVAL interpreters exist which
can demonstrate evaluation of these definitions against an exemplar
configuration profile.  These definitions expect an exemplar configuration
profile in /tmp/iphone_config_guide.mobileconfig.

Future OVAL definitions, specifically for iOS Configuration Profiles, may
support the concept of applying the definitions to all configuration profiles
under their control (or perhaps to certain groups).  Such future definitions
may also be able to cover settings that are not contained inside an iOS
Configuration Profile, such as the MDM Access Rights.

For more information and to get involved, see http://oval.mitre.org.

-->
  <generator>
    <oval:product_name>python</oval:product_name>
    <oval:product_version>2.6.6</oval:product_version>
    <oval:schema_version>5.10</oval:schema_version>
    <oval:timestamp>2011-09-21T13:44:00</oval:timestamp>
  </generator>
  <definitions>
    <definition class="compliance" id="oval:gov.nsa.iad:def:100" version="1">
      <metadata>
        <title>Key "allowCamera" Set To "false"</title>
        <affected family="macos">
          <platform>Apple iOS</platform>
        </affected>
        <reference ref_id="PLIST_CCE" source="CCE"/>
        <description>Make sure that "allowCamera" is set to "false" in plist configuration profile.</description>
      </metadata>
      <criteria>
        <criterion comment="allowCamera set to false" test_ref="oval:gov.nsa.iad:tst:101"/>
      </criteria>
    </definition>
    <definition class="compliance" id="oval:gov.nsa.iad:def:102" version="1">
      <metadata>
        <title>Key "allowDiagnosticSubmission" Set To "false"</title>
        <affected family="macos">
          <platform>Apple iOS</platform>
        </affected>
        <reference ref_id="PLIST_CCE" source="CCE"/>
        <description>Make sure that "allowDiagnosticSubmission" is set to "false" in plist configuration profile.</description>
      </metadata>
      <criteria>
        <criterion comment="allowDiagnosticSubmission set to false" test_ref="oval:gov.nsa.iad:tst:103"/>
      </criteria>
    </definition>
    <definition class="compliance" id="oval:gov.nsa.iad:def:104" version="1">
      <metadata>
        <title>Key "safariAllowPopups" Set To "false"</title>
        <affected family="macos">
          <platform>Apple iOS</platform>
        </affected>
        <reference ref_id="PLIST_CCE" source="CCE"/>
        <description>Make sure that "safariAllowPopups" is set to "false" in plist configuration profile.</description>
      </metadata>
      <criteria>
        <criterion comment="safariAllowPopups set to false" test_ref="oval:gov.nsa.iad:tst:105"/>
      </criteria>
    </definition>
    <definition class="compliance" id="oval:gov.nsa.iad:def:106" version="1">
      <metadata>
        <title>Key "forceEncryptedBackup" Set To "true"</title>
        <affected family="macos">
          <platform>Apple iOS</platform>
        </affected>
        <reference ref_id="PLIST_CCE" source="CCE"/>
        <description>Make sure that "forceEncryptedBackup" is set to "true" in plist configuration profile.</description>
      </metadata>
      <criteria>
        <criterion comment="forceEncryptedBackup set to true" test_ref="oval:gov.nsa.iad:tst:107"/>
      </criteria>
    </definition>
    <definition class="compliance" id="oval:gov.nsa.iad:def:108" version="1">
      <metadata>
        <title>Key "PreventMove" Set To "true"</title>
        <affected family="macos">
          <platform>Apple iOS</platform>
        </affected>
        <reference ref_id="PLIST_CCE" source="CCE"/>
        <description>Make sure that "PreventMove" is set to "true" in plist configuration profile.</description>
      </metadata>
      <criteria>
        <criterion comment="PreventMove set to true" test_ref="oval:gov.nsa.iad:tst:109"/>
      </criteria>
    </definition>
    <definition class="compliance" id="oval:gov.nsa.iad:def:110" version="1">
      <metadata>
        <title>Key "allowScreenShot" Set To "false"</title>
        <affected family="macos">
          <platform>Apple iOS</platform>
        </affected>
        <reference ref_id="PLIST_CCE" source="CCE"/>
        <description>Make sure that "allowScreenShot" is set to "false" in plist configuration profile.</description>
      </metadata>
      <criteria>
        <criterion comment="allowScreenShot set to false" test_ref="oval:gov.nsa.iad:tst:111"/>
      </criteria>
    </definition>
    <definition class="compliance" id="oval:gov.nsa.iad:def:112" version="1">
      <metadata>
        <title>Key "pinHistory" Set To "3"</title>
        <affected family="macos">
          <platform>Apple iOS</platform>
        </affected>
        <reference ref_id="PLIST_CCE" source="CCE"/>
        <description>Make sure that "pinHistory" is set to "3" in plist configuration profile.</description>
      </metadata>
      <criteria>
        <criterion comment="pinHistory set to 3" test_ref="oval:gov.nsa.iad:tst:113"/>
      </criteria>
    </definition>
    <definition class="compliance" id="oval:gov.nsa.iad:def:114" version="1">
      <metadata>
        <title>Key "maxPINAgeInDays" Set To "120"</title>
        <affected family="macos">
          <platform>Apple iOS</platform>
        </affected>
        <reference ref_id="PLIST_CCE" source="CCE"/>
        <description>Make sure that "maxPINAgeInDays" is set to "120" in plist configuration profile.</description>
      </metadata>
      <criteria>
        <criterion comment="maxPINAgeInDays set to 120" test_ref="oval:gov.nsa.iad:tst:115"/>
      </criteria>
    </definition>
    <definition class="compliance" id="oval:gov.nsa.iad:def:116" version="1">
      <metadata>
        <title>Key "CardDAVUseSSL" Set To "true"</title>
        <affected family="macos">
          <platform>Apple iOS</platform>
        </affected>
        <reference ref_id="PLIST_CCE" source="CCE"/>
        <description>Make sure that "CardDAVUseSSL" is set to "true" in plist configuration profile.</description>
      </metadata>
      <criteria>
        <criterion comment="CardDAVUseSSL set to true" test_ref="oval:gov.nsa.iad:tst:117"/>
      </criteria>
    </definition>
    <definition class="compliance" id="oval:gov.nsa.iad:def:118" version="1">
      <metadata>
        <title>Key "SignMessage" Set To "true"</title>
        <affected family="macos">
          <platform>Apple iOS</platform>
        </affected>
        <reference ref_id="PLIST_CCE" source="CCE"/>
        <description>Make sure that "SignMessage" is set to "true" in plist configuration profile.</description>
      </metadata>
      <criteria>
        <criterion comment="SignMessage set to true" test_ref="oval:gov.nsa.iad:tst:119"/>
      </criteria>
    </definition>
    <definition class="compliance" id="oval:gov.nsa.iad:def:120" version="1">
      <metadata>
        <title>Key "CheckOutWhenRemoved" Set To "true"</title>
        <affected family="macos">
          <platform>Apple iOS</platform>
        </affected>
        <reference ref_id="PLIST_CCE" source="CCE"/>
        <description>Make sure that "CheckOutWhenRemoved" is set to "true" in plist configuration profile.</description>
      </metadata>
      <criteria>
        <criterion comment="CheckOutWhenRemoved set to true" test_ref="oval:gov.nsa.iad:tst:121"/>
      </criteria>
    </definition>
    <definition class="compliance" id="oval:gov.nsa.iad:def:122" version="1">
      <metadata>
        <title>Key "requireAlphanumeric" Set To "true"</title>
        <affected family="macos">
          <platform>Apple iOS</platform>
        </affected>
        <reference ref_id="PLIST_CCE" source="CCE"/>
        <description>Make sure that "requireAlphanumeric" is set to "true" in plist configuration profile.</description>
      </metadata>
      <criteria>
        <criterion comment="requireAlphanumeric set to true" test_ref="oval:gov.nsa.iad:tst:123"/>
      </criteria>
    </definition>
    <definition class="compliance" id="oval:gov.nsa.iad:def:124" version="1">
      <metadata>
        <title>Key "IncomingMailServerUseSSL" Set To "true"</title>
        <affected family="macos">
          <platform>Apple iOS</platform>
        </affected>
        <reference ref_id="PLIST_CCE" source="CCE"/>
        <description>Make sure that "IncomingMailServerUseSSL" is set to "true" in plist configuration profile.</description>
      </metadata>
      <criteria>
        <criterion comment="IncomingMailServerUseSSL set to true" test_ref="oval:gov.nsa.iad:tst:125"/>
      </criteria>
    </definition>
    <definition class="compliance" id="oval:gov.nsa.iad:def:126" version="1">
      <metadata>
        <title>Key "LDAPAccountUseSSL" Set To "true"</title>
        <affected family="macos">
          <platform>Apple iOS</platform>
        </affected>
        <reference ref_id="PLIST_CCE" source="CCE"/>
        <description>Make sure that "LDAPAccountUseSSL" is set to "true" in plist configuration profile.</description>
      </metadata>
      <criteria>
        <criterion comment="LDAPAccountUseSSL set to true" test_ref="oval:gov.nsa.iad:tst:127"/>
      </criteria>
    </definition>
    <definition class="compliance" id="oval:gov.nsa.iad:def:128" version="1">
      <metadata>
        <title>Key "minComplexChars" Set To "1"</title>
        <affected family="macos">
          <platform>Apple iOS</platform>
        </affected>
        <reference ref_id="PLIST_CCE" source="CCE"/>
        <description>Make sure that "minComplexChars" is set to "1" in plist configuration profile.</description>
      </metadata>
      <criteria>
        <criterion comment="minComplexChars set to 1" test_ref="oval:gov.nsa.iad:tst:129"/>
      </criteria>
    </definition>
    <definition class="compliance" id="oval:gov.nsa.iad:def:130" version="1">
      <metadata>
        <title>Key "allowAppInstallation" Set To "false"</title>
        <affected family="macos">
          <platform>Apple iOS</platform>
        </affected>
        <reference ref_id="PLIST_CCE" source="CCE"/>
        <description>Make sure that "allowAppInstallation" is set to "false" in plist configuration profile.</description>
      </metadata>
      <criteria>
        <criterion comment="allowAppInstallation set to false" test_ref="oval:gov.nsa.iad:tst:131"/>
      </criteria>
    </definition>
    <definition class="compliance" id="oval:gov.nsa.iad:def:132" version="1">
      <metadata>
        <title>Key "maxGracePeriod" Set To "5"</title>
        <affected family="macos">
          <platform>Apple iOS</platform>
        </affected>
        <reference ref_id="PLIST_CCE" source="CCE"/>
        <description>Make sure that "maxGracePeriod" is set to "5" in plist configuration profile.</description>
      </metadata>
      <criteria>
        <criterion comment="maxGracePeriod set to 5" test_ref="oval:gov.nsa.iad:tst:133"/>
      </criteria>
    </definition>
    <definition class="compliance" id="oval:gov.nsa.iad:def:134" version="1">
      <metadata>
        <title>Key "maxInactivity" Set To "5"</title>
        <affected family="macos">
          <platform>Apple iOS</platform>
        </affected>
        <reference ref_id="PLIST_CCE" source="CCE"/>
        <description>Make sure that "maxInactivity" is set to "5" in plist configuration profile.</description>
      </metadata>
      <criteria>
        <criterion comment="maxInactivity set to 5" test_ref="oval:gov.nsa.iad:tst:135"/>
      </criteria>
    </definition>
    <definition class="compliance" id="oval:gov.nsa.iad:def:136" version="1">
      <metadata>
        <title>Key "safariForceFraudWarning" Set To "true"</title>
        <affected family="macos">
          <platform>Apple iOS</platform>
        </affected>
        <reference ref_id="PLIST_CCE" source="CCE"/>
        <description>Make sure that "safariForceFraudWarning" is set to "true" in plist configuration profile.</description>
      </metadata>
      <criteria>
        <criterion comment="safariForceFraudWarning set to true" test_ref="oval:gov.nsa.iad:tst:137"/>
      </criteria>
    </definition>
    <definition class="compliance" id="oval:gov.nsa.iad:def:138" version="1">
      <metadata>
        <title>Key "minLength" Set To "6"</title>
        <affected family="macos">
          <platform>Apple iOS</platform>
        </affected>
        <reference ref_id="PLIST_CCE" source="CCE"/>
        <description>Make sure that "minLength" is set to "6" in plist configuration profile.</description>
      </metadata>
      <criteria>
        <criterion comment="minLength set to 6" test_ref="oval:gov.nsa.iad:tst:139"/>
      </criteria>
    </definition>
    <definition class="compliance" id="oval:gov.nsa.iad:def:140" version="1">
      <metadata>
        <title>Key "allowUntrustedTLSPrompt" Set To "false"</title>
        <affected family="macos">
          <platform>Apple iOS</platform>
        </affected>
        <reference ref_id="PLIST_CCE" source="CCE"/>
        <description>Make sure that "allowUntrustedTLSPrompt" is set to "false" in plist configuration profile.</description>
      </metadata>
      <criteria>
        <criterion comment="allowUntrustedTLSPrompt set to false" test_ref="oval:gov.nsa.iad:tst:141"/>
      </criteria>
    </definition>
    <definition class="compliance" id="oval:gov.nsa.iad:def:142" version="1">
      <metadata>
        <title>Key "CalDAVUseSSL" Set To "true"</title>
        <affected family="macos">
          <platform>Apple iOS</platform>
        </affected>
        <reference ref_id="PLIST_CCE" source="CCE"/>
        <description>Make sure that "CalDAVUseSSL" is set to "true" in plist configuration profile.</description>
      </metadata>
      <criteria>
        <criterion comment="CalDAVUseSSL set to true" test_ref="oval:gov.nsa.iad:tst:143"/>
      </criteria>
    </definition>
    <definition class="compliance" id="oval:gov.nsa.iad:def:144" version="1">
      <metadata>
        <title>Key "PreventMove" Set To "true"</title>
        <affected family="macos">
          <platform>Apple iOS</platform>
        </affected>
        <reference ref_id="PLIST_CCE" source="CCE"/>
        <description>Make sure that "PreventMove" is set to "true" in plist configuration profile.</description>
      </metadata>
      <criteria>
        <criterion comment="PreventMove set to true" test_ref="oval:gov.nsa.iad:tst:145"/>
      </criteria>
    </definition>
    <definition class="compliance" id="oval:gov.nsa.iad:def:146" version="1">
      <metadata>
        <title>Key "allowPhotoStream" Set To "false"</title>
        <affected family="macos">
          <platform>Apple iOS</platform>
        </affected>
        <reference ref_id="PLIST_CCE" source="CCE"/>
        <description>Make sure that "allowPhotoStream" is set to "false" in plist configuration profile.</description>
      </metadata>
      <criteria>
        <criterion comment="allowPhotoStream set to false" test_ref="oval:gov.nsa.iad:tst:147"/>
      </criteria>
    </definition>
    <definition class="compliance" id="oval:gov.nsa.iad:def:148" version="1">
      <metadata>
        <title>Key "allowCloudBackup" Set To "false"</title>
        <affected family="macos">
          <platform>Apple iOS</platform>
        </affected>
        <reference ref_id="PLIST_CCE" source="CCE"/>
        <description>Make sure that "allowCloudBackup" is set to "false" in plist configuration profile.</description>
      </metadata>
      <criteria>
        <criterion comment="allowCloudBackup set to false" test_ref="oval:gov.nsa.iad:tst:149"/>
      </criteria>
    </definition>
    <definition class="compliance" id="oval:gov.nsa.iad:def:150" version="1">
      <metadata>
        <title>Key "SSL" Set To "true"</title>
        <affected family="macos">
          <platform>Apple iOS</platform>
        </affected>
        <reference ref_id="PLIST_CCE" source="CCE"/>
        <description>Make sure that "SSL" is set to "true" in plist configuration profile.</description>
      </metadata>
      <criteria>
        <criterion comment="SSL set to true" test_ref="oval:gov.nsa.iad:tst:151"/>
      </criteria>
    </definition>
    <definition class="compliance" id="oval:gov.nsa.iad:def:152" version="1">
      <metadata>
        <title>Key "safariAllowAutoFill" Set To "false"</title>
        <affected family="macos">
          <platform>Apple iOS</platform>
        </affected>
        <reference ref_id="PLIST_CCE" source="CCE"/>
        <description>Make sure that "safariAllowAutoFill" is set to "false" in plist configuration profile.</description>
      </metadata>
      <criteria>
        <criterion comment="safariAllowAutoFill set to false" test_ref="oval:gov.nsa.iad:tst:153"/>
      </criteria>
    </definition>
    <definition class="compliance" id="oval:gov.nsa.iad:def:154" version="1">
      <metadata>
        <title>Key "allowCloudDocumentSync" Set To "false"</title>
        <affected family="macos">
          <platform>Apple iOS</platform>
        </affected>
        <reference ref_id="PLIST_CCE" source="CCE"/>
        <description>Make sure that "allowCloudDocumentSync" is set to "false" in plist configuration profile.</description>
      </metadata>
      <criteria>
        <criterion comment="allowCloudDocumentSync set to false" test_ref="oval:gov.nsa.iad:tst:155"/>
      </criteria>
    </definition>
    <definition class="compliance" id="oval:gov.nsa.iad:def:156" version="1">
      <metadata>
        <title>Key "SMIMEEnabled" Set To "true"</title>
        <affected family="macos">
          <platform>Apple iOS</platform>
        </affected>
        <reference ref_id="PLIST_CCE" source="CCE"/>
        <description>Make sure that "SMIMEEnabled" is set to "true" in plist configuration profile.</description>
      </metadata>
      <criteria>
        <criterion comment="SMIMEEnabled set to true" test_ref="oval:gov.nsa.iad:tst:157"/>
      </criteria>
    </definition>
    <definition class="compliance" id="oval:gov.nsa.iad:def:158" version="1">
      <metadata>
        <title>Key "allowSimple" Set To "false"</title>
        <affected family="macos">
          <platform>Apple iOS</platform>
        </affected>
        <reference ref_id="PLIST_CCE" source="CCE"/>
        <description>Make sure that "allowSimple" is set to "false" in plist configuration profile.</description>
      </metadata>
      <criteria>
        <criterion comment="allowSimple set to false" test_ref="oval:gov.nsa.iad:tst:159"/>
      </criteria>
    </definition>
    <definition class="compliance" id="oval:gov.nsa.iad:def:160" version="1">
      <metadata>
        <title>Key "SMIMEEnabled" Set To "true"</title>
        <affected family="macos">
          <platform>Apple iOS</platform>
        </affected>
        <reference ref_id="PLIST_CCE" source="CCE"/>
        <description>Make sure that "SMIMEEnabled" is set to "true" in plist configuration profile.</description>
      </metadata>
      <criteria>
        <criterion comment="SMIMEEnabled set to true" test_ref="oval:gov.nsa.iad:tst:161"/>
      </criteria>
    </definition>
    <definition class="compliance" id="oval:gov.nsa.iad:def:162" version="1">
      <metadata>
        <title>Key "maxFailedAttempts" Set To "10"</title>
        <affected family="macos">
          <platform>Apple iOS</platform>
        </affected>
        <reference ref_id="PLIST_CCE" source="CCE"/>
        <description>Make sure that "maxFailedAttempts" is set to "10" in plist configuration profile.</description>
      </metadata>
      <criteria>
        <criterion comment="maxFailedAttempts set to 10" test_ref="oval:gov.nsa.iad:tst:163"/>
      </criteria>
    </definition>
    <definition class="compliance" id="oval:gov.nsa.iad:def:164" version="1">
      <metadata>
        <title>Key "SubCalAccountUseSSL" Set To "true"</title>
        <affected family="macos">
          <platform>Apple iOS</platform>
        </affected>
        <reference ref_id="PLIST_CCE" source="CCE"/>
        <description>Make sure that "SubCalAccountUseSSL" is set to "true" in plist configuration profile.</description>
      </metadata>
      <criteria>
        <criterion comment="SubCalAccountUseSSL set to true" test_ref="oval:gov.nsa.iad:tst:165"/>
      </criteria>
    </definition>
    <definition class="compliance" id="oval:gov.nsa.iad:def:166" version="1">
      <metadata>
        <title>Key "AutoJoin" Set To "false"</title>
        <affected family="macos">
          <platform>Apple iOS</platform>
        </affected>
        <reference ref_id="PLIST_CCE" source="CCE"/>
        <description>Make sure that "AutoJoin" is set to "false" in plist configuration profile.</description>
      </metadata>
      <criteria>
        <criterion comment="AutoJoin set to false" test_ref="oval:gov.nsa.iad:tst:167"/>
      </criteria>
    </definition>
    <definition class="compliance" id="oval:gov.nsa.iad:def:168" version="1">
      <metadata>
        <title>Key "safariAcceptCookies" Set To "1"</title>
        <affected family="macos">
          <platform>Apple iOS</platform>
        </affected>
        <reference ref_id="PLIST_CCE" source="CCE"/>
        <description>Make sure that "safariAcceptCookies" is set to "1" in plist configuration profile.</description>
      </metadata>
      <criteria>
        <criterion comment="safariAcceptCookies set to 1" test_ref="oval:gov.nsa.iad:tst:169"/>
      </criteria>
    </definition>
  </definitions>
  <tests>
    <macos:plist_test check="at least one" id="oval:gov.nsa.iad:tst:101" version="1">
      <macos:object object_ref="oval:gov.nsa.iad:obj:170"/>
      <macos:state state_ref="oval:gov.nsa.iad:ste:171"/>
    </macos:plist_test>
    <macos:plist_test check="at least one" id="oval:gov.nsa.iad:tst:103" version="1">
      <macos:object object_ref="oval:gov.nsa.iad:obj:172"/>
      <macos:state state_ref="oval:gov.nsa.iad:ste:173"/>
    </macos:plist_test>
    <macos:plist_test check="at least one" id="oval:gov.nsa.iad:tst:105" version="1">
      <macos:object object_ref="oval:gov.nsa.iad:obj:174"/>
      <macos:state state_ref="oval:gov.nsa.iad:ste:175"/>
    </macos:plist_test>
    <macos:plist_test check="at least one" id="oval:gov.nsa.iad:tst:107" version="1">
      <macos:object object_ref="oval:gov.nsa.iad:obj:176"/>
      <macos:state state_ref="oval:gov.nsa.iad:ste:177"/>
    </macos:plist_test>
    <macos:plist_test check="at least one" id="oval:gov.nsa.iad:tst:109" version="1">
      <macos:object object_ref="oval:gov.nsa.iad:obj:178"/>
      <macos:state state_ref="oval:gov.nsa.iad:ste:179"/>
    </macos:plist_test>
    <macos:plist_test check="at least one" id="oval:gov.nsa.iad:tst:111" version="1">
      <macos:object object_ref="oval:gov.nsa.iad:obj:180"/>
      <macos:state state_ref="oval:gov.nsa.iad:ste:181"/>
    </macos:plist_test>
    <macos:plist_test check="at least one" id="oval:gov.nsa.iad:tst:113" version="1">
      <macos:object object_ref="oval:gov.nsa.iad:obj:182"/>
      <macos:state state_ref="oval:gov.nsa.iad:ste:183"/>
    </macos:plist_test>
    <macos:plist_test check="at least one" id="oval:gov.nsa.iad:tst:115" version="1">
      <macos:object object_ref="oval:gov.nsa.iad:obj:184"/>
      <macos:state state_ref="oval:gov.nsa.iad:ste:185"/>
    </macos:plist_test>
    <macos:plist_test check="at least one" id="oval:gov.nsa.iad:tst:117" version="1">
      <macos:object object_ref="oval:gov.nsa.iad:obj:186"/>
      <macos:state state_ref="oval:gov.nsa.iad:ste:187"/>
    </macos:plist_test>
    <macos:plist_test check="at least one" id="oval:gov.nsa.iad:tst:119" version="1">
      <macos:object object_ref="oval:gov.nsa.iad:obj:188"/>
      <macos:state state_ref="oval:gov.nsa.iad:ste:189"/>
    </macos:plist_test>
    <macos:plist_test check="at least one" id="oval:gov.nsa.iad:tst:121" version="1">
      <macos:object object_ref="oval:gov.nsa.iad:obj:190"/>
      <macos:state state_ref="oval:gov.nsa.iad:ste:191"/>
    </macos:plist_test>
    <macos:plist_test check="at least one" id="oval:gov.nsa.iad:tst:123" version="1">
      <macos:object object_ref="oval:gov.nsa.iad:obj:192"/>
      <macos:state state_ref="oval:gov.nsa.iad:ste:193"/>
    </macos:plist_test>
    <macos:plist_test check="at least one" id="oval:gov.nsa.iad:tst:125" version="1">
      <macos:object object_ref="oval:gov.nsa.iad:obj:194"/>
      <macos:state state_ref="oval:gov.nsa.iad:ste:195"/>
    </macos:plist_test>
    <macos:plist_test check="at least one" id="oval:gov.nsa.iad:tst:127" version="1">
      <macos:object object_ref="oval:gov.nsa.iad:obj:196"/>
      <macos:state state_ref="oval:gov.nsa.iad:ste:197"/>
    </macos:plist_test>
    <macos:plist_test check="at least one" id="oval:gov.nsa.iad:tst:129" version="1">
      <macos:object object_ref="oval:gov.nsa.iad:obj:198"/>
      <macos:state state_ref="oval:gov.nsa.iad:ste:199"/>
    </macos:plist_test>
    <macos:plist_test check="at least one" id="oval:gov.nsa.iad:tst:131" version="1">
      <macos:object object_ref="oval:gov.nsa.iad:obj:200"/>
      <macos:state state_ref="oval:gov.nsa.iad:ste:201"/>
    </macos:plist_test>
    <macos:plist_test check="at least one" id="oval:gov.nsa.iad:tst:133" version="1">
      <macos:object object_ref="oval:gov.nsa.iad:obj:202"/>
      <macos:state state_ref="oval:gov.nsa.iad:ste:203"/>
    </macos:plist_test>
    <macos:plist_test check="at least one" id="oval:gov.nsa.iad:tst:135" version="1">
      <macos:object object_ref="oval:gov.nsa.iad:obj:204"/>
      <macos:state state_ref="oval:gov.nsa.iad:ste:205"/>
    </macos:plist_test>
    <macos:plist_test check="at least one" id="oval:gov.nsa.iad:tst:137" version="1">
      <macos:object object_ref="oval:gov.nsa.iad:obj:206"/>
      <macos:state state_ref="oval:gov.nsa.iad:ste:207"/>
    </macos:plist_test>
    <macos:plist_test check="at least one" id="oval:gov.nsa.iad:tst:139" version="1">
      <macos:object object_ref="oval:gov.nsa.iad:obj:208"/>
      <macos:state state_ref="oval:gov.nsa.iad:ste:209"/>
    </macos:plist_test>
    <macos:plist_test check="at least one" id="oval:gov.nsa.iad:tst:141" version="1">
      <macos:object object_ref="oval:gov.nsa.iad:obj:210"/>
      <macos:state state_ref="oval:gov.nsa.iad:ste:211"/>
    </macos:plist_test>
    <macos:plist_test check="at least one" id="oval:gov.nsa.iad:tst:143" version="1">
      <macos:object object_ref="oval:gov.nsa.iad:obj:212"/>
      <macos:state state_ref="oval:gov.nsa.iad:ste:213"/>
    </macos:plist_test>
    <macos:plist_test check="at least one" id="oval:gov.nsa.iad:tst:145" version="1">
      <macos:object object_ref="oval:gov.nsa.iad:obj:214"/>
      <macos:state state_ref="oval:gov.nsa.iad:ste:215"/>
    </macos:plist_test>
    <macos:plist_test check="at least one" id="oval:gov.nsa.iad:tst:147" version="1">
      <macos:object object_ref="oval:gov.nsa.iad:obj:216"/>
      <macos:state state_ref="oval:gov.nsa.iad:ste:217"/>
    </macos:plist_test>
    <macos:plist_test check="at least one" id="oval:gov.nsa.iad:tst:149" version="1">
      <macos:object object_ref="oval:gov.nsa.iad:obj:218"/>
      <macos:state state_ref="oval:gov.nsa.iad:ste:219"/>
    </macos:plist_test>
    <macos:plist_test check="at least one" id="oval:gov.nsa.iad:tst:151" version="1">
      <macos:object object_ref="oval:gov.nsa.iad:obj:220"/>
      <macos:state state_ref="oval:gov.nsa.iad:ste:221"/>
    </macos:plist_test>
    <macos:plist_test check="at least one" id="oval:gov.nsa.iad:tst:153" version="1">
      <macos:object object_ref="oval:gov.nsa.iad:obj:222"/>
      <macos:state state_ref="oval:gov.nsa.iad:ste:223"/>
    </macos:plist_test>
    <macos:plist_test check="at least one" id="oval:gov.nsa.iad:tst:155" version="1">
      <macos:object object_ref="oval:gov.nsa.iad:obj:224"/>
      <macos:state state_ref="oval:gov.nsa.iad:ste:225"/>
    </macos:plist_test>
    <macos:plist_test check="at least one" id="oval:gov.nsa.iad:tst:157" version="1">
      <macos:object object_ref="oval:gov.nsa.iad:obj:226"/>
      <macos:state state_ref="oval:gov.nsa.iad:ste:227"/>
    </macos:plist_test>
    <macos:plist_test check="at least one" id="oval:gov.nsa.iad:tst:159" version="1">
      <macos:object object_ref="oval:gov.nsa.iad:obj:228"/>
      <macos:state state_ref="oval:gov.nsa.iad:ste:229"/>
    </macos:plist_test>
    <macos:plist_test check="at least one" id="oval:gov.nsa.iad:tst:161" version="1">
      <macos:object object_ref="oval:gov.nsa.iad:obj:230"/>
      <macos:state state_ref="oval:gov.nsa.iad:ste:231"/>
    </macos:plist_test>
    <macos:plist_test check="at least one" id="oval:gov.nsa.iad:tst:163" version="1">
      <macos:object object_ref="oval:gov.nsa.iad:obj:232"/>
      <macos:state state_ref="oval:gov.nsa.iad:ste:233"/>
    </macos:plist_test>
    <macos:plist_test check="at least one" id="oval:gov.nsa.iad:tst:165" version="1">
      <macos:object object_ref="oval:gov.nsa.iad:obj:234"/>
      <macos:state state_ref="oval:gov.nsa.iad:ste:235"/>
    </macos:plist_test>
    <macos:plist_test check="at least one" id="oval:gov.nsa.iad:tst:167" version="1">
      <macos:object object_ref="oval:gov.nsa.iad:obj:236"/>
      <macos:state state_ref="oval:gov.nsa.iad:ste:237"/>
    </macos:plist_test>
    <macos:plist_test check="at least one" id="oval:gov.nsa.iad:tst:169" version="1">
      <macos:object object_ref="oval:gov.nsa.iad:obj:238"/>
      <macos:state state_ref="oval:gov.nsa.iad:ste:239"/>
    </macos:plist_test>
  </tests>
  <objects>
    <macos:plist_object id="oval:gov.nsa.iad:obj:170" version="1">
      <macos:key>allowCamera</macos:key>
      <macos:filepath>/tmp/iphone_config_guide.mobileconfig</macos:filepath>
    </macos:plist_object>
    <macos:plist_object id="oval:gov.nsa.iad:obj:172" version="1">
      <macos:key>allowDiagnosticSubmission</macos:key>
      <macos:filepath>/tmp/iphone_config_guide.mobileconfig</macos:filepath>
    </macos:plist_object>
    <macos:plist_object id="oval:gov.nsa.iad:obj:174" version="1">
      <macos:key>safariAllowPopups</macos:key>
      <macos:filepath>/tmp/iphone_config_guide.mobileconfig</macos:filepath>
    </macos:plist_object>
    <macos:plist_object id="oval:gov.nsa.iad:obj:176" version="1">
      <macos:key>forceEncryptedBackup</macos:key>
      <macos:filepath>/tmp/iphone_config_guide.mobileconfig</macos:filepath>
    </macos:plist_object>
    <macos:plist_object id="oval:gov.nsa.iad:obj:178" version="1">
      <macos:key>PreventMove</macos:key>
      <macos:filepath>/tmp/iphone_config_guide.mobileconfig</macos:filepath>
    </macos:plist_object>
    <macos:plist_object id="oval:gov.nsa.iad:obj:180" version="1">
      <macos:key>allowScreenShot</macos:key>
      <macos:filepath>/tmp/iphone_config_guide.mobileconfig</macos:filepath>
    </macos:plist_object>
    <macos:plist_object id="oval:gov.nsa.iad:obj:182" version="1">
      <macos:key>pinHistory</macos:key>
      <macos:filepath>/tmp/iphone_config_guide.mobileconfig</macos:filepath>
    </macos:plist_object>
    <macos:plist_object id="oval:gov.nsa.iad:obj:184" version="1">
      <macos:key>maxPINAgeInDays</macos:key>
      <macos:filepath>/tmp/iphone_config_guide.mobileconfig</macos:filepath>
    </macos:plist_object>
    <macos:plist_object id="oval:gov.nsa.iad:obj:186" version="1">
      <macos:key>CardDAVUseSSL</macos:key>
      <macos:filepath>/tmp/iphone_config_guide.mobileconfig</macos:filepath>
    </macos:plist_object>
    <macos:plist_object id="oval:gov.nsa.iad:obj:188" version="1">
      <macos:key>SignMessage</macos:key>
      <macos:filepath>/tmp/iphone_config_guide.mobileconfig</macos:filepath>
    </macos:plist_object>
    <macos:plist_object id="oval:gov.nsa.iad:obj:190" version="1">
      <macos:key>CheckOutWhenRemoved</macos:key>
      <macos:filepath>/tmp/iphone_config_guide.mobileconfig</macos:filepath>
    </macos:plist_object>
    <macos:plist_object id="oval:gov.nsa.iad:obj:192" version="1">
      <macos:key>requireAlphanumeric</macos:key>
      <macos:filepath>/tmp/iphone_config_guide.mobileconfig</macos:filepath>
    </macos:plist_object>
    <macos:plist_object id="oval:gov.nsa.iad:obj:194" version="1">
      <macos:key>IncomingMailServerUseSSL</macos:key>
      <macos:filepath>/tmp/iphone_config_guide.mobileconfig</macos:filepath>
    </macos:plist_object>
    <macos:plist_object id="oval:gov.nsa.iad:obj:196" version="1">
      <macos:key>LDAPAccountUseSSL</macos:key>
      <macos:filepath>/tmp/iphone_config_guide.mobileconfig</macos:filepath>
    </macos:plist_object>
    <macos:plist_object id="oval:gov.nsa.iad:obj:198" version="1">
      <macos:key>minComplexChars</macos:key>
      <macos:filepath>/tmp/iphone_config_guide.mobileconfig</macos:filepath>
    </macos:plist_object>
    <macos:plist_object id="oval:gov.nsa.iad:obj:200" version="1">
      <macos:key>allowAppInstallation</macos:key>
      <macos:filepath>/tmp/iphone_config_guide.mobileconfig</macos:filepath>
    </macos:plist_object>
    <macos:plist_object id="oval:gov.nsa.iad:obj:202" version="1">
      <macos:key>maxGracePeriod</macos:key>
      <macos:filepath>/tmp/iphone_config_guide.mobileconfig</macos:filepath>
    </macos:plist_object>
    <macos:plist_object id="oval:gov.nsa.iad:obj:204" version="1">
      <macos:key>maxInactivity</macos:key>
      <macos:filepath>/tmp/iphone_config_guide.mobileconfig</macos:filepath>
    </macos:plist_object>
    <macos:plist_object id="oval:gov.nsa.iad:obj:206" version="1">
      <macos:key>safariForceFraudWarning</macos:key>
      <macos:filepath>/tmp/iphone_config_guide.mobileconfig</macos:filepath>
    </macos:plist_object>
    <macos:plist_object id="oval:gov.nsa.iad:obj:208" version="1">
      <macos:key>minLength</macos:key>
      <macos:filepath>/tmp/iphone_config_guide.mobileconfig</macos:filepath>
    </macos:plist_object>
    <macos:plist_object id="oval:gov.nsa.iad:obj:210" version="1">
      <macos:key>allowUntrustedTLSPrompt</macos:key>
      <macos:filepath>/tmp/iphone_config_guide.mobileconfig</macos:filepath>
    </macos:plist_object>
    <macos:plist_object id="oval:gov.nsa.iad:obj:212" version="1">
      <macos:key>CalDAVUseSSL</macos:key>
      <macos:filepath>/tmp/iphone_config_guide.mobileconfig</macos:filepath>
    </macos:plist_object>
    <macos:plist_object id="oval:gov.nsa.iad:obj:214" version="1">
      <macos:key>PreventMove</macos:key>
      <macos:filepath>/tmp/iphone_config_guide.mobileconfig</macos:filepath>
    </macos:plist_object>
    <macos:plist_object id="oval:gov.nsa.iad:obj:216" version="1">
      <macos:key>allowPhotoStream</macos:key>
      <macos:filepath>/tmp/iphone_config_guide.mobileconfig</macos:filepath>
    </macos:plist_object>
    <macos:plist_object id="oval:gov.nsa.iad:obj:218" version="1">
      <macos:key>allowCloudBackup</macos:key>
      <macos:filepath>/tmp/iphone_config_guide.mobileconfig</macos:filepath>
    </macos:plist_object>
    <macos:plist_object id="oval:gov.nsa.iad:obj:220" version="1">
      <macos:key>SSL</macos:key>
      <macos:filepath>/tmp/iphone_config_guide.mobileconfig</macos:filepath>
    </macos:plist_object>
    <macos:plist_object id="oval:gov.nsa.iad:obj:222" version="1">
      <macos:key>safariAllowAutoFill</macos:key>
      <macos:filepath>/tmp/iphone_config_guide.mobileconfig</macos:filepath>
    </macos:plist_object>
    <macos:plist_object id="oval:gov.nsa.iad:obj:224" version="1">
      <macos:key>allowCloudDocumentSync</macos:key>
      <macos:filepath>/tmp/iphone_config_guide.mobileconfig</macos:filepath>
    </macos:plist_object>
    <macos:plist_object id="oval:gov.nsa.iad:obj:226" version="1">
      <macos:key>SMIMEEnabled</macos:key>
      <macos:filepath>/tmp/iphone_config_guide.mobileconfig</macos:filepath>
    </macos:plist_object>
    <macos:plist_object id="oval:gov.nsa.iad:obj:228" version="1">
      <macos:key>allowSimple</macos:key>
      <macos:filepath>/tmp/iphone_config_guide.mobileconfig</macos:filepath>
    </macos:plist_object>
    <macos:plist_object id="oval:gov.nsa.iad:obj:230" version="1">
      <macos:key>SMIMEEnabled</macos:key>
      <macos:filepath>/tmp/iphone_config_guide.mobileconfig</macos:filepath>
    </macos:plist_object>
    <macos:plist_object id="oval:gov.nsa.iad:obj:232" version="1">
      <macos:key>maxFailedAttempts</macos:key>
      <macos:filepath>/tmp/iphone_config_guide.mobileconfig</macos:filepath>
    </macos:plist_object>
    <macos:plist_object id="oval:gov.nsa.iad:obj:234" version="1">
      <macos:key>SubCalAccountUseSSL</macos:key>
      <macos:filepath>/tmp/iphone_config_guide.mobileconfig</macos:filepath>
    </macos:plist_object>
    <macos:plist_object id="oval:gov.nsa.iad:obj:236" version="1">
      <macos:key>AutoJoin</macos:key>
      <macos:filepath>/tmp/iphone_config_guide.mobileconfig</macos:filepath>
    </macos:plist_object>
    <macos:plist_object id="oval:gov.nsa.iad:obj:238" version="1">
      <macos:key>safariAcceptCookies</macos:key>
      <macos:filepath>/tmp/iphone_config_guide.mobileconfig</macos:filepath>
    </macos:plist_object>
  </objects>
  <states>
    <macos:plist_state id="oval:gov.nsa.iad:ste:171" version="1">
      <macos:value datatype="string" operation="equals">false</macos:value>
    </macos:plist_state>
    <macos:plist_state id="oval:gov.nsa.iad:ste:173" version="1">
      <macos:value datatype="string" operation="equals">false</macos:value>
    </macos:plist_state>
    <macos:plist_state id="oval:gov.nsa.iad:ste:175" version="1">
      <macos:value datatype="string" operation="equals">false</macos:value>
    </macos:plist_state>
    <macos:plist_state id="oval:gov.nsa.iad:ste:177" version="1">
      <macos:value datatype="string" operation="equals">true</macos:value>
    </macos:plist_state>
    <macos:plist_state id="oval:gov.nsa.iad:ste:179" version="1">
      <macos:value datatype="string" operation="equals">true</macos:value>
    </macos:plist_state>
    <macos:plist_state id="oval:gov.nsa.iad:ste:181" version="1">
      <macos:value datatype="string" operation="equals">false</macos:value>
    </macos:plist_state>
    <macos:plist_state id="oval:gov.nsa.iad:ste:183" version="1">
      <macos:value datatype="string" operation="equals">3</macos:value>
    </macos:plist_state>
    <macos:plist_state id="oval:gov.nsa.iad:ste:185" version="1">
      <macos:value datatype="string" operation="equals">120</macos:value>
    </macos:plist_state>
    <macos:plist_state id="oval:gov.nsa.iad:ste:187" version="1">
      <macos:value datatype="string" operation="equals">true</macos:value>
    </macos:plist_state>
    <macos:plist_state id="oval:gov.nsa.iad:ste:189" version="1">
      <macos:value datatype="string" operation="equals">true</macos:value>
    </macos:plist_state>
    <macos:plist_state id="oval:gov.nsa.iad:ste:191" version="1">
      <macos:value datatype="string" operation="equals">true</macos:value>
    </macos:plist_state>
    <macos:plist_state id="oval:gov.nsa.iad:ste:193" version="1">
      <macos:value datatype="string" operation="equals">true</macos:value>
    </macos:plist_state>
    <macos:plist_state id="oval:gov.nsa.iad:ste:195" version="1">
      <macos:value datatype="string" operation="equals">true</macos:value>
    </macos:plist_state>
    <macos:plist_state id="oval:gov.nsa.iad:ste:197" version="1">
      <macos:value datatype="string" operation="equals">true</macos:value>
    </macos:plist_state>
    <macos:plist_state id="oval:gov.nsa.iad:ste:199" version="1">
      <macos:value datatype="string" operation="equals">1</macos:value>
    </macos:plist_state>
    <macos:plist_state id="oval:gov.nsa.iad:ste:201" version="1">
      <macos:value datatype="string" operation="equals">false</macos:value>
    </macos:plist_state>
    <macos:plist_state id="oval:gov.nsa.iad:ste:203" version="1">
      <macos:value datatype="string" operation="equals">5</macos:value>
    </macos:plist_state>
    <macos:plist_state id="oval:gov.nsa.iad:ste:205" version="1">
      <macos:value datatype="string" operation="equals">5</macos:value>
    </macos:plist_state>
    <macos:plist_state id="oval:gov.nsa.iad:ste:207" version="1">
      <macos:value datatype="string" operation="equals">true</macos:value>
    </macos:plist_state>
    <macos:plist_state id="oval:gov.nsa.iad:ste:209" version="1">
      <macos:value datatype="string" operation="equals">6</macos:value>
    </macos:plist_state>
    <macos:plist_state id="oval:gov.nsa.iad:ste:211" version="1">
      <macos:value datatype="string" operation="equals">false</macos:value>
    </macos:plist_state>
    <macos:plist_state id="oval:gov.nsa.iad:ste:213" version="1">
      <macos:value datatype="string" operation="equals">true</macos:value>
    </macos:plist_state>
    <macos:plist_state id="oval:gov.nsa.iad:ste:215" version="1">
      <macos:value datatype="string" operation="equals">true</macos:value>
    </macos:plist_state>
    <macos:plist_state id="oval:gov.nsa.iad:ste:217" version="1">
      <macos:value datatype="string" operation="equals">false</macos:value>
    </macos:plist_state>
    <macos:plist_state id="oval:gov.nsa.iad:ste:219" version="1">
      <macos:value datatype="string" operation="equals">false</macos:value>
    </macos:plist_state>
    <macos:plist_state id="oval:gov.nsa.iad:ste:221" version="1">
      <macos:value datatype="string" operation="equals">true</macos:value>
    </macos:plist_state>
    <macos:plist_state id="oval:gov.nsa.iad:ste:223" version="1">
      <macos:value datatype="string" operation="equals">false</macos:value>
    </macos:plist_state>
    <macos:plist_state id="oval:gov.nsa.iad:ste:225" version="1">
      <macos:value datatype="string" operation="equals">false</macos:value>
    </macos:plist_state>
    <macos:plist_state id="oval:gov.nsa.iad:ste:227" version="1">
      <macos:value datatype="string" operation="equals">true</macos:value>
    </macos:plist_state>
    <macos:plist_state id="oval:gov.nsa.iad:ste:229" version="1">
      <macos:value datatype="string" operation="equals">false</macos:value>
    </macos:plist_state>
    <macos:plist_state id="oval:gov.nsa.iad:ste:231" version="1">
      <macos:value datatype="string" operation="equals">true</macos:value>
    </macos:plist_state>
    <macos:plist_state id="oval:gov.nsa.iad:ste:233" version="1">
      <macos:value datatype="string" operation="equals">10</macos:value>
    </macos:plist_state>
    <macos:plist_state id="oval:gov.nsa.iad:ste:235" version="1">
      <macos:value datatype="string" operation="equals">true</macos:value>
    </macos:plist_state>
    <macos:plist_state id="oval:gov.nsa.iad:ste:237" version="1">
      <macos:value datatype="string" operation="equals">false</macos:value>
    </macos:plist_state>
    <macos:plist_state id="oval:gov.nsa.iad:ste:239" version="1">
      <macos:value datatype="string" operation="equals">1</macos:value>
    </macos:plist_state>
  </states>
</oval_definitions>