<Benchmark xmlns:xsi="http://www.w3.org/2001/XMLSchema-instance" xmlns="http://checklists.nist.gov/xccdf/1.1" xmlns:dc="http://purl.org/dc/elements/1.1/" xmlns:xhtml="http://www.w3.org/1999/xhtml" xmlns:cpel="http://cpe.mitre.org/language/2.0" xmlns:cpe="http://cpe.mitre.org/dictionary/2.0" xmlns:dsig="http://w3.org/2000/09/xmldsig#" xmlns:cdf="http://checklists.nist.gov/xccdf/1.1" id="apple_ios_5_benchmark" xsi:schemaLocation="http://checklists.nist.gov/xccdf/1.1 http://nvd.nist.gov/schema/xccdf-1.1.4.xsd http://cpe.mitre.org/dictionary/2.0 http://cpe.mitre.org/files/cpe-dictionary_2.1.xsd" resolved="0">
<status date="2012-03-15">accepted</status>

<!--
This eXtensible Configuration Checklist Description Format (XCCDF) document is
a representation of "Security Configuration Recommendations for Apple iOS 5
Devices," and is provided as a technology demonstration for MDM vendors
exploring adoption of the Security Content Automation Protocol (SCAP).

Sections from that human-readable document which refer to discrete
configuration settings in an iOS Configuration Profile correspond to XCCDF
Rules defined here.  Two XCCDF Profiles, which select subsets of these Rules,
are provided as examples.  These are "BYOD" and "Enterprise-owned", and are
intended to be distinguished by the extent to which an enterprise-controlled 
MDM server can monitor or control the device.

Each Rule references a check defined in the Open Vulnerability and Assessment
Language (OVAL).  OVAL definitions which describe plist files (an Apple XML
schema) are employed; an iOS Configuration Profile (or Profiles) follows this
schema and is instantiated for each device.  Thus, a logical scenario entails
MDM products ingesting such SCAP content and providing compliance results.  As
no such capabilities currently exist, testing of this content was manually
conducted against exemplar profiles provided by the Apple iPhone Configuration
Utility.  This content is provided as an example to spur understanding and
exploration of SCAP within the MDM product market.

-->

	<title>Security Configuration Recommendations for Apple iOS 5 Devices</title>
	<description>This guide provides security configuration recommendations for
	Apple iOS 5 devices such as iPhone, iPad, and iPod Touch.</description>
	<notice id="terms_of_use"> Do not attempt to implement any of the settings in
		this guide without first testing them in a non-operational environment. </notice>
	<version>1.0</version>
	<metadata>
		<dc:publisher xmlns="http://purl.org/dc/elements/1.1/">National Security Agency</dc:publisher>
		<dc:creator>National Security Agency, Information Assurance Directorate, The Mitigations Group</dc:creator>
		<dc:source>http://www.nsa.gov</dc:source>
	</metadata>

<Profile id="BYOD"> 
<title>BYOD Profile</title>
<description>This sample profile includes Rules that might be 
appropriate for a BYOD scenario.</description>
<select idref="disable_simple_value_for_passcode" selected="true"/>
<select idref="require_alphanumeric_value_for_passcode" selected="true"/>
<select idref="set_minimum_passcode_length" selected="true"/>
<select idref="set_minimum_number_of_complex_characters" selected="true"/>
<select idref="set_maximum_passcode_age" selected="true"/>
<select idref="set_auto_lock_time" selected="true"/>
<select idref="set_grace_period_for_device_lock" selected="true"/>
<select idref="disable_screen_capture" selected="true"/>
<select idref="disable_safari_autofill" selected="true"/>
<select idref="enable_safari_fraud_warning" selected="true"/>
<select idref="enable_safari_pop_up_blocking" selected="true"/>
<select idref="accept_cookies_from_visited_sites_only" selected="true"/>
<select idref="disable_sending_diagnostic_data_to_apple" selected="true"/>
<select idref="disable_user_acceptance_of_untrusted_tls_certificates" selected="true"/>
<select idref="force_encrypted_backups" selected="true"/>
<select idref="disable_auto_join_for_wi_fi" selected="true"/>
<select idref="prevent_moving_messages_between_mail_accounts" selected="true"/>
<select idref="enable_ssl_for_mail_connections" selected="true"/>
<select idref="enable_s_mime_support_for_mail_if_needed" selected="true"/>
<select idref="prevent_moving_messages_between_activesync_accounts" selected="true"/>
<select idref="enable_ssl_for_activesync_communications" selected="true"/>
<select idref="enable_s_mime_support_for_activesync_if_needed" selected="true"/>
<select idref="enable_ssl_for_ldap_connections" selected="true"/>
<select idref="enable_ssl_for_caldav_connections" selected="true"/>
<select idref="enable_ssl_for_subscribed_calendar_connections" selected="true"/>
<select idref="enable_ssl_for_carddav_connections" selected="true"/>
<select idref="sign_messages" selected="true"/>
<select idref="check_out_when_removed" selected="true"/>
</Profile>

<Profile id="Enterprise-owned"> 
<title>Enterprise-owned Device Profile</title>
<description>This sample profile includes Rules that might be 
appropriate for a device owned and controlled by the enterprise.</description>
<select idref="disable_simple_value_for_passcode" selected="true"/>
<select idref="require_alphanumeric_value_for_passcode" selected="true"/>
<select idref="set_minimum_passcode_length" selected="true"/>
<select idref="set_minimum_number_of_complex_characters" selected="true"/>
<select idref="set_maximum_passcode_age" selected="true"/>
<select idref="set_auto_lock_time" selected="true"/>
<select idref="set_passcode_history" selected="true"/>
<select idref="set_grace_period_for_device_lock" selected="true"/>
<select idref="set_maximum_number_of_failed_attempts" selected="true"/>
<select idref="disable_installation_of_third_party_apps" selected="true"/>
<select idref="disable_camera" selected="true"/>
<select idref="disable_screen_capture" selected="true"/>
<select idref="disable_safari_autofill" selected="true"/>
<select idref="enable_safari_fraud_warning" selected="true"/>
<select idref="enable_safari_pop_up_blocking" selected="true"/>
<select idref="accept_cookies_from_visited_sites_only" selected="true"/>
<select idref="disable_icloud_backups" selected="true"/>
<select idref="disable_icloud_document_sync" selected="true"/>
<select idref="disable_icloud_photo_stream" selected="true"/>
<select idref="disable_sending_diagnostic_data_to_apple" selected="true"/>
<select idref="disable_user_acceptance_of_untrusted_tls_certificates" selected="true"/>
<select idref="force_encrypted_backups" selected="true"/>
<select idref="disable_auto_join_for_wi_fi" selected="true"/>
<select idref="prevent_moving_messages_between_mail_accounts" selected="true"/>
<select idref="enable_ssl_for_mail_connections" selected="true"/>
<select idref="enable_s_mime_support_for_mail_if_needed" selected="true"/>
<select idref="prevent_moving_messages_between_activesync_accounts" selected="true"/>
<select idref="enable_ssl_for_activesync_communications" selected="true"/>
<select idref="enable_s_mime_support_for_activesync_if_needed" selected="true"/>
<select idref="enable_ssl_for_ldap_connections" selected="true"/>
<select idref="enable_ssl_for_caldav_connections" selected="true"/>
<select idref="enable_ssl_for_subscribed_calendar_connections" selected="true"/>
<select idref="enable_ssl_for_carddav_connections" selected="true"/>
<select idref="sign_messages" selected="true"/>
<select idref="check_out_when_removed" selected="true"/>
<!-- These are not able to be queried inside a configuration profile.
<select idref="allow_remote_query_of_general_settings" selected="true">
<select idref="allow_remote_query_of_network_settings" selected="true">
<select idref="allow_remote_query_of_security_settings" selected="true">
<select idref="allow_remote_query_of_restrictions" selected="true">
<select idref="allow_remote_query_of_configuration_profiles" selected="true">
<select idref="allow_remote_query_of_provisioning_profiles" selected="true">
<select idref="allow_remote_query_of_applications" selected="true">
<select idref="allow_remote_addition_removal_of_configuration_profiles" selected="true">
<select idref="allow_remote_addition_removal_of_provisioning_profiles" selected="true">
<select idref="allow_or_disallow_remote_change_of_device_password" selected="true">
<select idref="allow_remote_wipe" selected="true">
-->
</Profile>

<Group id="introduction">
<title>Introduction</title>
  
<description> 
<xhtml:b>Purpose.</xhtml:b> This document provides security-related usage and configuration recommendations for Apple iOS devices such as the iPhone, iPad, and iPod touch. This document does not constitute Department of Defense (DoD) or United States Government (USG) policy, nor is it an endorsement of any particular platform; its purpose is solely to provide security recommendations. This guide may outline procedures required to implement or secure certain features, but it is also not a general-purpose configuration manual. The guidance provides recommendations for general-purpose business use of iOS devices for processing data that is UNCLASSIFIED, and possibly Sensitive But Unclassified. Such data may carry various designations such as For Official Use Only, Law Enforcement Sensitive, or Security Sensitive Information. Approval for processing such Sensitive But Unclassified data is dependent upon risk decisions by Designated Approving Authorities (or their analogs in non-DoD entities). 
<xhtml:b>Audience.</xhtml:b> This guide is primarily intended for network/system administrators deploying Apple&#8217;s iOS devices or supporting their integration into enterprise networks. Some information relevant to IT decision makers and users of the devices is also included. Readers are assumed to possess basic network and system administration skills for Mac OS X or Microsoft Windows systems, and they should have some familiarity with Apple&#8217;s documentation and user interface conventions. 
<xhtml:b>Scope.</xhtml:b> Apple&#8217;s mobile devices, including the iPhone and iPad, are prominent examples of a new generation of mobile devices that combine into a single device the capabilities of a cellular phone, laptop computer, portable music player, camera, audio recorder, GPS receiver and other electronics. The capabilities of such devices are considerable but, as with any information system, also pose some security risks. Design features can seriously mitigate some risks, but others must be considered as part of a careful, holistic risk decision that also respects the capabilities enabled by such devices. Major risks, and available mitigations, are discussed in Section . Security guidance for mobile devices must cut across many previously discrete boundaries between technologies. For example, scrupulous deployment of an iPhone includes consideration not just the settings on the device itself, but those of the Wi-Fi networks to which it will connect, the VPNs through which it will tunnel, and the servers from which it will receive its configuration. This guide provides recommendations for the settings on an iOS device itself, as well as closely-related information for the network and configuration resources upon which deployment of iOS devices depends. </description>
 
<Group id="how_to_use_this_guide">
<title>How to Use This Guide</title>

<Group id="read_sections_completely_and_in_order">
<title>Read Sections Completely and in Order</title>
 
<description> Each section tends to build on information discussed in prior sections. Each section should be read and understood completely. Instructions should never be blindly applied. Relevant discussion may occur immediately 
<xhtml:it>after</xhtml:it> instructions for an action, so be sure to read the whole section before beginning implementation. Careful consideration is essential for deploying iOS devices in an enterprise environment where multiple supporting devices and software components may need to be configured properly in order to function. </description>
 
</Group>

<Group id="understand_the_purpose_of_this_guidance">
<title>Understand the Purpose of this Guidance</title>
 
<description> The purpose of the guidance is to provide seurity-relevant configuration recommendations. It does not imply the suitability or unsuitability of any product for any particular situation, which entails a risk decision. </description>
 
</Group>

<Group id="limitations">
<title>Limitations</title>
 
<description> This guide is limited in its scope to security-related issues. This guide does not claim to offer comprehensive configuration guidance. For general configuration and implementation guidance refer to other sources such as Apple. </description>
 
</Group>

<Group id="test_in_non_production_environment">
<title>Test in Non-Production Environment</title>
 
<description> To the extent possible, guidance should be tested in a non-production environment before deployment. Ensure that any test environment simulates the configuration in which the devices will be deployed as closely as possible. </description>
 
</Group>

<Group id="formatting_conventions">
<title>Formatting Conventions</title>
 
<description> Commands intended for shell execution, file paths, and configuration file text, are featured in a 
<xhtml:tt>monospace font</xhtml:tt>. Menu options and GUI elements will be set in a 
<xhtml:b>Bold, sans-serif font</xhtml:b>. Settings appropriate to the device itself will be typeset in-line (i.e. 
<xhtml:b>Settings &gt; Airplane Mode</xhtml:b>). Actionable instructions are typically embedded in a box. </description>
  
</Group>

</Group>

<Group id="general_principles">
<title>General Principles</title>
 
<description> The following general principles motivate much of the advice in this guide and should also influence any configuration decisions that are not explicitly addressed. </description>
 
<Group id="encrypt_transmitted_data_whenever_possible">
<title>Encrypt Transmitted Data Whenever Possible</title>
 
<description> Data transmitted over a network, whether via wire or wirelessly, is susceptible to passive monitoring. Whenever practical mechanisms exist for encrypting this data-in-transit, they should be applied. Even if data is expected to be transmitted only over a local network, it should still be encrypted if possible. Encrypting authentication data, such as passwords, is particularly important. iOS&#8217;s support for SSL, WPA2, and VPN protocols demonstrates its capabilities, when such features are activated, to adhere to this principle. </description>
 
</Group>

<Group id="encrypt_stored_data_whenever_possible">
<title>Encrypt Stored Data Whenever Possible</title>
 
<description> Data on mobile devices is particularly susceptible to compromise due to loss of physical control. Whenever practical solutions exist, they should be employed to protect this data. The Data Protection API on iOS devices is used by some applications, and demonstrates the devices&#8217; capability to provide such protection. Drawing on applications which use this capability (and ensuring that internally-developed enterprise applications also use it), and setting an appropriately complex passcode, follow this principle. </description>
 
</Group>

<Group id="minimize_software_to_minimize_vulnerability">
<title>Minimize Software to Minimize Vulnerability</title>
 
<description> The easiest and simplest way to avoid the vulnerabilities in a particular piece of software is to avoid installing the software altogether. Hundreds of thousands of 3rd-party applications, or &#8220;apps,&#8221; written by thousands of different developers are available for iOS devices. These developers may have willfully or accidentally introduced vulnerabilities. For some environments, a particular app may fulfill a mission-critical need. In other cases an app might needlessly introduce additional risk to the system. Certain risk scenarios may call for minimizing apps. BYOD scenarios, on the other hand, generally imply the consideration and acceptance of such risks. </description>
 
</Group>

<Group id="leverage_security_features_never_disable_them">
<title>Leverage Security Features, Never Disable Them</title>
 
<description> Security features should be effectively used to improve a system&#8217;s resistance to attacks. These features can improve a system&#8217;s robustness against attack for only the cost of a little effort spent doing configuration. For example, iOS&#8217;s enforcement of code signing of apps provides assurance of integrity both during installation and at runtime. Disabling this feature through the use of &#8220;jailbreaking&#8221; tools provided by the hacker community significantly decreases an iOS device&#8217;s resistance to attack. </description>
 
</Group>

<Group id="grant_least_privilege">
<title>Grant Least Privilege</title>
 
<description> Grant the least privilege necessary for users to perform tasks. The more privileges (or capabilities) that a user has, the more opportunities he or she will have to enable the compromise of the system (and be a victim of such a compromise). For example, a configuration profile can disallow use of the Safari web browser and the camera. Disabling the camera prevents a malicious or careless user from photographing sensitive areas, while disabling Safari helps ensure the user is protected from any web-based attacks (albeit at significant loss of capability). Similarly, it is possible to restrict the installation of third party apps, and this may be the right balance between security and functionality for some environments. </description>
  
</Group>

</Group>

<Group id="risks_mitigations_and_consequences">
<title>Risks, Mitigations, and Consequences</title>
  
<rationale> Understanding the risks &#8211; and available mitigations &#8211; involved in the deployment of smartphone platforms such as iOS provides a background for certain risk decisions. An attacker who has compromised any mobile device, and can remotely maintain control of that device, can use this access to gather a great deal of information about the user of the device and his or her environment. As described by NIST Special Publication 800-124 , the consequences of such attacks include: <xhtml:ul>
<xhtml:li>collecting audio (&#8220;hot-microphone&#8221; eavesdropping) </xhtml:li>
<xhtml:li>using the cameras </xhtml:li>
<xhtml:li>geolocation of the device (and presumably the user) </xhtml:li>
<xhtml:li>collecting all data, including credentials stored on the device or accessed by it </xhtml:li>
<xhtml:li>acting as the user on any network to which the device later connects </xhtml:li></xhtml:ul>The following table, similarly to DSD , describes risks (with attack vector) along with applicable mitigations that are either built into the iOS platform or can be employed by administrators or users. The following table is provided as a summary for risk decision makers &#8211; and to motivate administrators to apply mitigations whenever practical. It should not be used to draw comparisons between iOS and other platforms.  <xhtml:table>
<tr>
 <xhtml:td> 
 Risk </xhtml:td><xhtml:td> Mitigation 
 </xhtml:td> 
</tr>
<tr>
 <xhtml:td> 

Data Compromise due to Lost Device (still reachable over any network interface &#8212; cellular or WiFi) </xhtml:td><xhtml:td> Enabling a Passcode provides protection for Apps that leverage the Data Protection API, such as Apple&#8217;s Mail app and 3rd party apps, as well as for credential storage in Keychains. Using the latest hardware currently prevents usage of public Jailbreak tools to access other data on a lost device. Activating a remote wipe can be performed via ActiveSync, MDM, or iCloud. Find My iPhone or other geolocation could permit the lost device to be located. 
 </xhtml:td> 
</tr>
<tr>
 <xhtml:td> 
Data Compromise due to Lost Device (not reachable over any network interface) </xhtml:td><xhtml:td> Enabling a Passcode encrypts some data on the device. Using the latest hardware currently prevents usage of public Jailbreak tools to access other data on a lost device. 
 </xhtml:td> 
</tr>
<tr>
 <xhtml:td> 
Data Compromise due to Casual Access Attempt </xhtml:td><xhtml:td> Enabling a Passcode prevents a casual snoop from accessing the device. Provide user training to stress importance of physical control at all times. 
 </xhtml:td> 
</tr>
<tr>
 <xhtml:td> 
Data Compromise via Host Computer Backup/Sync </xhtml:td><xhtml:td> Ensure proper hygiene and configuration of systems used for backup/sync. This may entail enterprise rollout of iTunes, to ensure protection of backup data. Train users not to connect their device to any untrusted computers/devices and provide additional AC outlet chargers. Encrypting iOS device backups in iTunes can mitigate data loss if the host computer is later compromised or lost. 
 </xhtml:td> 
</tr>
<tr>
 <xhtml:td> 
Exploitation of Device via Malicious app </xhtml:td><xhtml:td> The Sandboxing feature prevents apps from carrying out certain malicious activities. The App Store&#8217;s app vetting process provides accountability for developers, which discourages creation of malicious apps. Disabling the App Store, or permitting only installation of Enterprise-created Apps, further mitigates any threat from 3rd party app developers (at significant cost to capability). 
 </xhtml:td> 
</tr>
<tr>
 <xhtml:td> 
Exploitation of Device via Malicious WiFi Network </xhtml:td><xhtml:td> Apply software updates. Provide user training on connecting only to trusted networks. Provide user training to encourage use of the VPN. 
 </xhtml:td> 
</tr>
<tr>
 <xhtml:td> 
Exploitation of Device via Bluetooth Communications </xhtml:td><xhtml:td> Apply software updates. Monitor compliance with MDM software. iOS only implements a small subset of the available BlueTooth profiles, which decreases its likelihood to contain vulnerabilities that would give rise to exploitation. 
 </xhtml:td> 
</tr>
<tr>
 <xhtml:td> 
Exploitation of Device via Cellular Network (e.g. SMS/MMS, baseband communications) </xhtml:td><xhtml:td> Apply software updates. Monitor compliance with MDM software. Provide user training to ensure awareness during travel. 
 </xhtml:td> 
</tr>
<tr>
 <xhtml:td> 
Exploitation of Device via Malicious Email or Web Page </xhtml:td><xhtml:td> Apply software updates, with particular vigilance after public release of jailbreak tools. Monitor compliance with MDM software. 
 </xhtml:td> 
</tr>
</xhtml:table> </rationale>   
</Group>

</Group>

<Group id="configuration_deployment">
<title>Configuration Deployment</title>
   
<description> This chapter presents information about creating and deploying settings to iOS devices, which are generally contained in configuration profiles. Configuration profiles are simply XML files that conform to Apple&#8217;s XML DTD and the plist format. Additional information is available at <xhtml:a href="http://www.apple.com/iphone/business/resources/">http://www.apple.com/iphone/business/resources/</xhtml:a>. The settings contained in configuration policies are discussed in Chapter . </description>
            
<Group id="nature_of_configuration_profiles">
<title>Nature of Configuration Profiles</title>
           
<description> Understand that a user who controls an iOS device can opt to erase the device, which erases all data from the device including any configuration profiles. Understand also that users can typically append further restrictive settings, as well as services, onto the device, even in the presence of a configuration profile. Configuration Profile settings enforcement on the iOS devices are cumulative indicating that they can further restrict existing settings when applied. </description>
 
<rationale> iOS configuration profiles specify a collection of settings that can control some security-relevant behavior of an iOS device, but are not designed to provide an enterprise with total, arbitrary control over the user&#8217;s device. A &#8220;carrot and stick&#8221; approach can be employed to avoid tempting users to remove a configuration profile (either directly or via device reset). Bind &#8220;carrots&#8221; (such as credentials needed for enterprise access) to &#8220;sticks&#8221; (such as a passcode policy) in a single configuration profile. Removing a configuration profile implies that credentials necessary for accessing enterprise services (such as VPN certificates or email accounts) would also be lost, and thus deny the user such services. Also in this case, MDM software would become unable to query the device and the enterprise would be alerted as to the device&#8217;s unmanaged status. </rationale>  
</Group>

<Group id="mobile_device_management_software">
<title>Mobile Device Management Software</title>
  
<description> Third-party MDM products, as well as Apple&#8217;s own OS X Lion Server, can automate the deployment of configuration profiles and carry out the operational management of devices. Configuration profiles can also be provided via secure web-based services. Configuration profiles can also be created using Apple&#8217;s iPhone Configuration Utility (&#8220;iPCU&#8221;) as described in Section , but it does not provide mechanisms for automated deployment or reporting. iPCU provides a convenient means of surveying the settings which can be deployed to devices, although there is no guarantee that a particular MDM product will support all settings. </description>
 
<Group id="select_mobile_device_management_mdm_software">
<title>Select Mobile Device Management (MDM) Software</title>
          
<description> Select an MDM product which uses Apple&#8217;s MDM API, unless enterprise management of the devices is not needed. </description>
 
<rationale> Apple&#8217;s MDM API provides the supported mechanism for enterprise device management, and various 3rd party vendors have built products upon it. For more information, see <xhtml:a href="http://www.apple.com/iphone/business/integration/mdm/">http://www.apple.com/iphone/business/integration/mdm/</xhtml:a>. </rationale> 
</Group>

<Group id="understand_capabilities_of_mdm_software">
<title>Understand Capabilities of MDM Software</title>
          
<description> Mobile device management software may also include features that are not part of the supported Apple MDM API: <xhtml:ul>
<xhtml:li>&#8220;Jailbreak detection&#8221; can determine if a user has chosen to jailbreak his or her device, which is a useful feature for enterprises who monitor compliance. However, it does not provide high assurance that a device has not been maliciously jailbroken by a sophisticated attacker. The situation is analogous to &#8220;root detection&#8221; on another mobile platform. It is also analogous to the historical and difficult problem of rootkit detection on desktop or server operating systems. In all these cases, the operating system itself becomes compromised. Since it alone operates at the most privileged levels, there are limits to the extent to which any add-on software can &#8220;ask a liar if he is lying.&#8221; \\The system&#8217;s cryptographically-verified boot process, runtime enforcement of code signatures, app sandboxing mechanism, controlled software distribution model via &#8220;app stores&#8221;, and rapid software update capability very strongly address the problem of jailbreak-based attacks by themselves. Using add-on software to query for signs of jailbreak may provide an additional layer of defense. \</xhtml:li>
<xhtml:li>&#8220;Secure containers&#8221; can provide data-at-rest protection and data-in-transit protection. These are typically software libraries included by 3rd party apps, which then make use of their functionality instead of that provided by the system&#8217;s software libraries. These &#8220;containers&#8221; can be useful if the system&#8217;s capable, built-in mechanisms which already provide these features do not meet particular requirements or certifications. Note, however, that they cannot protect their contents against privileged code running on the device, such as would result from a sophisticated, malicious jailbreak attack during system operation. \\They should also not be confused with the Sandboxing feature of the iOS kernel as described in Blazakis. Rather, the Sandboxing feature strongly addresses the problem of malicious or co-opted apps trying to perform undesirable activities on the system (such as elevating their privileges) in the first place. Sandboxing constitutes a significant obstacle to attackers, but it does not allow apps to (rather inconceivably) protect themselves if the underlying operating system is compromised. App sandboxing may serve as a means of jailbreak detection as discussed above, in that an app which can access beyond its Sandbox may infer that it is running on a compromised device. </xhtml:li></xhtml:ul> </description>
  
</Group>

</Group>

<Group id="deploying_configuration_profiles">
<title>Deploying Configuration Profiles</title>
  
<description> After a configuration profile is created &#8212; typically in an MDM console &#8212; it must be deployed to devices. This section discusses methods available for installing a configuration profile onto an iOS device, along with their security implications. </description>
 
<warning> Customizing profiles to individual users implies embedding sensitive authentication information within transmitted profiles. This introduces a need for confidentiality during transmission of such files. </warning> 
<Group id="deploy_over_the_air_with_encryption_and_authentication">
<title>Deploy Over-the-Air with Encryption and Authentication</title>
           
<description> If configuration profiles will be deployed over-the-air, ensure use of authentication and encryption. \\If the iPhone can authenticate a configuration profile during its installation, the 
<xhtml:b>Settings &gt; General &gt; Profile</xhtml:b> screen will display 
<xhtml:b><textcolor>
Verified
</textcolor></xhtml:b>. \\Over-the-air deployment that is authenticated and encrypted requires the support of enterprise infrastructure, such as directory services, an enterprise certificate trusted by iPhone, an SCEP server, and a web server. The server component of MDM products may provide some of this infrastructure. </description>
 
<rationale> Deploying configuration profiles to a device over-the-air consists of three major steps: <xhtml:ul>
<xhtml:li>Authentication of the user, typically leveraging existing directory services. </xhtml:li>
<xhtml:li>Enrollment, which involves the device transmitting device-specific information to the enterprise, and receiving a device certificate in return. </xhtml:li>
<xhtml:li>Installation of an encrypted, authenticated configuration profile onto the device. </xhtml:li></xhtml:ul>Some MDM products include a server component that provides a web-based service for users to initiate this process, while others initiate the process by requiring users to download a particular MDM client app from the App Store which can facilitate the process. Transmission and data formats used by the MDM protocol are thoroughly standards-based. Detailed, authoritative description of the transactions between the device and the enterprise are available to Apple-registered developers at <xhtml:a href="http://developer.apple.com">http://developer.apple.com</xhtml:a>. Additional description and security analysis is available in <xhtml:a href="https://github.com/intrepidusgroup/imdmtools/blob/master/Presentations/InsideAppleMDM_ShmooCon_2012.pdf">https://github.com/intrepidusgroup/imdmtools/blob/master/Presentations/InsideAppleMDM_ShmooCon_2012.pdf</xhtml:a>, linked from <xhtml:a href="http://intrepidusgroup.com/insight/2012/01/changes-to-apple-mdm-for-ios-5-x/">http://intrepidusgroup.com/insight/2012/01/changes-to-apple-mdm-for-ios-5-x/</xhtml:a>. </rationale> 
</Group>

<Group id="manual_deployment_with_iphone_configuration_utility">
<title>Manual Deployment with iPhone Configuration Utility</title>
           
<description> Manually using the iPhone Configuration Utility (iPCU) is the safest means of deploying configuration profiles to devices, but does not scale well as it depends on administrators&#8217; manual intervention. It also implies that an MDM server will not be used to remotely monitor device status. Nevertheless, transferring the profile to a device which is directly connected via USB cable avoids threats to confidentiality and integrity inherent in network transfers. </description>
 
<rationale> iPCU is available at <xhtml:a href="http://www.apple.com/support/iphone/enterprise/">http://www.apple.com/support/iphone/enterprise/</xhtml:a> (cryptographic checksum unavailable). Documentation is available at <xhtml:a href="http://help.apple.com/iosdeployment-ipcu/">http://help.apple.com/iosdeployment-ipcu/</xhtml:a>. </rationale> 
</Group>

<Group id="avoid_unauthenticated_unencrypted_deployment_methods">
<title>Avoid Unauthenticated, Unencrypted Deployment Methods</title>
           
<description> Avoid deployment of configuration profiles through methods that do not provide encryption and authentication. Email is especially discouraged. </description>
 
<rationale> It is possible to distribute configuration profiles to individual devices by emailing the profile to the user of the device or providing a link via SMS. Once the profile is accepted by the end user, the iOS device facilitates its installation. These methods are not recommended because they do not generally provide authentication of the sender of the configuration profile, or encryption of the profile itself during transmission. Users should generally be taught not to have confidence about the origin of email attachments or SMS messages. Emailing configuration profiles also presupposes that the user has configured an email account on the iPhone. Furthermore, once the configuration profile is in the receiver&#8217;s mailbox, it will remain there until it is manually deleted. If the mobile profile contains sensitive information, its prolonged existence in an unmanaged mailbox poses additional risk. </rationale>     
</Group>

</Group>

</Group>

<Group id="device_configuration">
<title>Device Configuration</title>
  
<description> This chapter makes recommendations for security-relevant settings that reside on the iOS device itself. Section  presents settings that can be administratively deployed to an iOS device via a configuration profile. Deploying configuration profiles in a layered approach &#8212; with each profile containing payloads targeted for specific services &#8212; e.g. Exchange Access/requirements/access identity, is highly recommended so that an individual profile can be removed along with all the data for that one service without negatively affecting the rest of the devices and profiles. This approach involves creating one configuration profile for baseline services/devices, and then adding profiles for specific services. Many of the recommended settings can also be set manually on individual devices and provide value even if the device is not managed by an enterprise. Section  presents recommended settings that can only be applied manually. </description>
 
<Group id="deployable_device_settings">
<title>Deployable Device Settings</title>
  
<description> The following subsections correspond to the types of configuration payloads, which can be surveyed via the iPhone Configuration Utility. </description>
                     
<Group id="general">
<title>General</title>
 
<description> Apply the following General settings to identify the profile being deployed and to prevent users from removing the profile: <xhtml:ul>
<xhtml:li>Enter 
<xhtml:b>Name</xhtml:b> , 
<xhtml:b>Identifier</xhtml:b>, and 
<xhtml:b>Description</xhtml:b> as appropriate. </xhtml:li>
<xhtml:li>Set 
<xhtml:b>Security</xhtml:b> to 
<xhtml:b>Never</xhtml:b> if practical, as it controls when and how the profile can be removed from the device. Letting end-users remove configuration profiles allows them to easily remove security settings contained in the profile. At the same time, this may not be practical for organizations implementing bring-your-own-device (BYOD) schemes which may allow for users to opt in or out at any time. \\Note that 
<xhtml:b>Never</xhtml:b> ties a configuration profile to the device, and cannot be removed unless the device is wiped. However, configuration profiles containing MDM Payloads cannot be set to 
<xhtml:b>Never</xhtml:b>. The user always has the ability to opt-out of MDM, but all configuration profiles, accounts, and data associated with those configuration profiles (delivered under MDM) would also be wiped from the device. </xhtml:li></xhtml:ul> </description>
                                                                          
</Group>

<Group id="passcode">
<title>Passcode</title>
 
<description> The remarkable attention paid to passcode quality requirements represents misplaced priorities in the current network environment, as passcodes do not protect against many contemporary threats. However, setting a passcode enables cryptographic features that can protect data on the device if it is lost, stolen or temporarily out of possession. Hardware and software cryptographic features of iOS devices &#8211; not present on typical desktop or server systems &#8211; provide significant protections against the password-guessing threat when the passcode feature is enabled. Furthermore, iOS devices are likely to store only a single user&#8217;s credentials, while complex passcode policies are designed to protect against the compromise of large numbers of credentials when they are stored on a single system that becomes compromised (such as a directory server). Onerous passcode policies may also drive users to attempt to subvert the settings. For these reasons, IT decision makers should understand that onerous passcode policies on iOS devices provide little value (in the best case), and may end up being counterproductive. See Section  for discussion of which data is protected by enabling the passcode. The following publicly-available research provides rationale for these recommendations: <xhtml:ul>
<xhtml:li>Apple iOS 4 Security Evaluation by Dino Dai Zovi at \<xhtml:a href="http://trailofbits.com/2011/08/10/ios-4-security-evaluation/">http://trailofbits.com/2011/08/10/ios-4-security-evaluation/</xhtml:a>. The slides&#8217; section &#8220;Attacking Passcode&#8221; provides highly relevant platform-specific discussion for iOS devices. </xhtml:li>
<xhtml:li>NIST Special Publication 800-118 DRAFT Guide to Enterprise Password Management at \<xhtml:a href="http://csrc.nist.gov/publications/PubsDrafts.html#SP-800-118">http://csrc.nist.gov/publications/PubsDrafts.html#SP-800-118</xhtml:a> provides discussion about factors that should be considered in order to create effective password strength recommendations. </xhtml:li></xhtml:ul></description>
 
<Group id="enable_passcode">
<title>Enable Passcode</title>
 
<description> The following passcode settings are recommended, and can be deployed via a configuration profile. </description>
 <Rule id="disable_simple_value_for_passcode" selected="false">
<title>Disable Simple Value for Passcode</title>
 
<description> Set 
<xhtml:b>Allow simple value</xhtml:b> to Unchecked. </description>
 
<rationale> This will enable display of the entire keyboard for passcode entry, instead of only a numeric keypad (and setting other requirements will also enable this). </rationale> <check system="http://oval.mitre.org/XMLSchema/oval-definitions-5">
	<check-content-ref href="iOS5-oval-gov.nsa.iad.xml" name="oval:gov.nsa.iad:def:158"/>
</check>
</Rule>
<Rule id="require_alphanumeric_value_for_passcode" selected="false">
<title>Require Alphanumeric Value for Passcode</title>
 
<description> Set 
<xhtml:b>Require alphanumeric value</xhtml:b> to Checked. </description>
 
<rationale> Requiring alphanumeric values should increase the search space in a password-guessing attack. </rationale> <check system="http://oval.mitre.org/XMLSchema/oval-definitions-5">
	<check-content-ref href="iOS5-oval-gov.nsa.iad.xml" name="oval:gov.nsa.iad:def:122"/>
</check>
</Rule>
<Rule id="set_minimum_passcode_length" selected="false">
<title>Set Minimum Passcode Length</title>
 
<description> Set 
<xhtml:b>Minimum passcode length</xhtml:b> to 6. </description>
 
<rationale> Setting a minimum length should increase the search space in a password-guessing attack. A passcode length of 6 may be a reasonable balance between user experience and security for many deployment scenarios. </rationale> <check system="http://oval.mitre.org/XMLSchema/oval-definitions-5">
	<check-content-ref href="iOS5-oval-gov.nsa.iad.xml" name="oval:gov.nsa.iad:def:138"/>
</check>
</Rule>
<Rule id="set_minimum_number_of_complex_characters" selected="false">
<title>Set Minimum Number of Complex Characters</title>
 
<description> Set 
<xhtml:b>Minimum number of complex characters</xhtml:b> to 1. </description>
 
<rationale> Requiring complex characters should increase the search space in a password-guessing attack. </rationale> <check system="http://oval.mitre.org/XMLSchema/oval-definitions-5">
	<check-content-ref href="iOS5-oval-gov.nsa.iad.xml" name="oval:gov.nsa.iad:def:128"/>
</check>
</Rule>
<Rule id="set_maximum_passcode_age" selected="false">
<title>Set Maximum Passcode Age</title>
 
<description> Set 
<xhtml:b>Maximum passcode age</xhtml:b> to 120 days, if there is a need for such rotation. </description>
 
<rationale> Changing passcodes regularly prevents an attacker who has compromised the password from re-using it to regain access. This is an unlikely scenario, but is addressed by setting a password expiration. </rationale> <check system="http://oval.mitre.org/XMLSchema/oval-definitions-5">
	<check-content-ref href="iOS5-oval-gov.nsa.iad.xml" name="oval:gov.nsa.iad:def:114"/>
</check>
</Rule>
<Rule id="set_auto_lock_time" selected="false">
<title>Set Auto-Lock Time</title>
 
<description> Set 
<xhtml:b>Auto-Lock (in minutes)</xhtml:b> to 5 minutes, or less. </description>
 
<rationale> This ensures that the device will require passcode entry if lost or left unattended. </rationale> <check system="http://oval.mitre.org/XMLSchema/oval-definitions-5">
	<check-content-ref href="iOS5-oval-gov.nsa.iad.xml" name="oval:gov.nsa.iad:def:134"/>
</check>
</Rule>
<Rule id="set_passcode_history" selected="false">
<title>Set Passcode History</title>
 
<description> Set 
<xhtml:b>Passcode History</xhtml:b> to 3. </description>
 
<rationale> This ensures that users cannot trivially alternate between passcodes. </rationale> <check system="http://oval.mitre.org/XMLSchema/oval-definitions-5">
	<check-content-ref href="iOS5-oval-gov.nsa.iad.xml" name="oval:gov.nsa.iad:def:112"/>
</check>
</Rule>
<Rule id="set_grace_period_for_device_lock" selected="false">
<title>Set Grace Period for Device Lock</title>
 
<description> Set 
<xhtml:b>Grace period for device lock</xhtml:b> to 5 minutes, or less. </description>
 
<rationale> This permits unlock of the device after a certain period of time has passed since the last device lock. Allowing a Grace Period enhances usability and makes users more likely to tolerate passcode requirements. </rationale> <check system="http://oval.mitre.org/XMLSchema/oval-definitions-5">
	<check-content-ref href="iOS5-oval-gov.nsa.iad.xml" name="oval:gov.nsa.iad:def:132"/>
</check>
</Rule>
<Rule id="set_maximum_number_of_failed_attempts" selected="false">
<title>Set Maximum Number of Failed Attempts</title>
 
<description> Set 
<xhtml:b>Maximum number of failed attempts</xhtml:b> to 10 attempts, or fewer. </description>
 
<rationale> Setting the device to automatically erase after a number of failed attempts can protect against witless password guessing attacks conducted through the unlock screen. (However, it does not protect against those conducted by processes running on the device, see Section  for more discussion). </rationale> <check system="http://oval.mitre.org/XMLSchema/oval-definitions-5">
	<check-content-ref href="iOS5-oval-gov.nsa.iad.xml" name="oval:gov.nsa.iad:def:162"/>
</check>
</Rule>

</Group>

<Group id="understand_which_files_are_protected_by_encryption">
<title>Understand Which Files are Protected by Encryption</title>
  
<description> Enabling a passcode activates the Data Protection feature of iOS. The Data Protection feature encrypts items with a key whose availability depends on entry of the passcode. Currently, the following items are protected: <xhtml:ul>
<xhtml:li>
<xhtml:b>Email messages</xhtml:b> stored by the built-in Mail app </xhtml:li>
<xhtml:li>
<xhtml:b>Inactive Apps&#8217; Screenshots</xhtml:b> displayed at app re-launch to create impression of &#8220;instant resume&#8221; </xhtml:li>
<xhtml:li>
<xhtml:b>Some Keychain Items</xhtml:b> such as email passwords and iTunes backup password </xhtml:li>
<xhtml:li>
<xhtml:b>Data stored by third-party apps</xhtml:b> which use the Data Protection API </xhtml:li></xhtml:ul></description>
 
<rationale> In fact, the rest of the files on the device are encrypted, but they are still available to an attacker who can get privileged code to execute on the device. This is because the encryption key for these files is available even without the passcode (unlike the files above). For older hardware models such as iPhone 3GS, iPad, and iPhone 4, this remains possible using publicly-available tools which provide the ability to execute privileged code on any device in physical possession. Examples of such tools include The iPhone Dev Team&#8217;s redsn0w, which itself leverages a collection of exploits including limera1n by George Hotz (geohot). No tools have been released by the hacker community which allow for exploiting the boot ROM in this manner for iPhone 4S, and iPad 2, however. Note also that even if privileged code can be run by an attacker on a lost or stolen iPhone, a password-guessing attack against the protected files must be executed on the device itself. This is because the key which encrypts the items listed above is derived from the passcode as well as a key that is bound to the hardware of the device (and not considered extricable from it). The following references provide detailed explanation: <xhtml:ul>
<xhtml:li>iPhone data protection in depth by Jean-Baptiste B&#233;drune and Jean Sigwald (Sogeti ESEC) available at <xhtml:a href="http://esec-lab.sogeti.com/dotclear/public/publications/11-hitbamsterdam-iphonedataprotection.pdf">http://esec-lab.sogeti.com/dotclear/public/publications/11-hitbamsterdam-iphonedataprotection.pdf</xhtml:a> linked from <xhtml:a href="http://esec-lab.sogeti.com/post/iOS-5-data-protection-updates">http://esec-lab.sogeti.com/post/iOS-5-data-protection-updates</xhtml:a>. </xhtml:li>
<xhtml:li>Apple iOS 4 Security Evaluation by Dino Dai Zovi (Trail of Bits) available at <xhtml:a href="http://trailofbits.files.wordpress.com/2011/08/apple-ios-4-security-evaluation-whitepaper.pdf">http://trailofbits.files.wordpress.com/2011/08/apple-ios-4-security-evaluation-whitepaper.pdf</xhtml:a> linked from <xhtml:a href="http://trailofbits.com/2011/08/10/ios-4-security-evaluation/">http://trailofbits.com/2011/08/10/ios-4-security-evaluation/</xhtml:a>. </xhtml:li></xhtml:ul></rationale>           
</Group>

</Group>

<Group id="restrictions">
<title>Restrictions</title>
 
<description> Some security-relevant restrictions can be placed upon the user of the iOS device. </description>
 <Rule id="disable_installation_of_third_party_apps" selected="false">
<title>Disable Installation of Third-Party Apps</title>
          
<description> Unless necessary, disable 
<xhtml:b>Allow installing apps</xhtml:b>. This is unusual for a general-purpose device. </description>
 
<rationale> While iOS includes features such as Sandboxing that are designed to prevent third-party apps from influencing the integrity of the operating system, they do have the ability to access data stored on the device such as Address Book (until recently), Location Data, or the Photo Library and have the ability to transmit this information. </rationale> <check system="http://oval.mitre.org/XMLSchema/oval-definitions-5">
	<check-content-ref href="iOS5-oval-gov.nsa.iad.xml" name="oval:gov.nsa.iad:def:130"/>
</check>
</Rule>
<Rule id="disable_camera" selected="false">
<title>Disable Camera</title>
          
<description> Disable 
<xhtml:b>Allow use of camera</xhtml:b>, if concerns exist about capturing sensitive images. </description>
 <check system="http://oval.mitre.org/XMLSchema/oval-definitions-5">
	<check-content-ref href="iOS5-oval-gov.nsa.iad.xml" name="oval:gov.nsa.iad:def:100"/>
</check>
</Rule>
<Rule id="disable_screen_capture" selected="false">
<title>Disable Screen Capture</title>
          
<description> Disable 
<xhtml:b>Allow screen capture</xhtml:b>, if concerns exist about storing screen contents in the Photo Library. </description>
 
<rationale> While unlikely, this feature could accidentally (or intentionally) be triggered (by simultaneously pressing the Home and Sleep buttons) and lead to storage of sensitive information outside the intended storage area. </rationale> <check system="http://oval.mitre.org/XMLSchema/oval-definitions-5">
	<check-content-ref href="iOS5-oval-gov.nsa.iad.xml" name="oval:gov.nsa.iad:def:110"/>
</check>
</Rule>

<Group id="disable_or_configure_safari">
<title>Disable or Configure Safari</title>
          
<description> If Safari can be disabled, uncheck 
<xhtml:b>Allow use of Safari</xhtml:b>. This is very unusual for a general-purpose device. </description>
 
<rationale> If Safari is needed, security-relevant Safari settings can be configured as follows. </rationale> <Rule id="disable_safari_autofill" selected="false">
<title>Disable Safari Autofill</title>
          
<description> Set 
<xhtml:b>Enable autofill</xhtml:b> to Unchecked. This prevents storage of some potentially sensitive information by Safari. </description>
 
<rationale> </rationale> <check system="http://oval.mitre.org/XMLSchema/oval-definitions-5">
	<check-content-ref href="iOS5-oval-gov.nsa.iad.xml" name="oval:gov.nsa.iad:def:152"/>
</check>
</Rule>
<Rule id="enable_safari_fraud_warning" selected="false">
<title>Enable Safari Fraud Warning</title>
          
<description> Set 
<xhtml:b>Force fraud warning</xhtml:b> to Checked. This ensures users are warned when visiting known-fraudulent web sites. </description>
 
<rationale> </rationale> <check system="http://oval.mitre.org/XMLSchema/oval-definitions-5">
	<check-content-ref href="iOS5-oval-gov.nsa.iad.xml" name="oval:gov.nsa.iad:def:136"/>
</check>
</Rule>
<Rule id="enable_safari_pop_up_blocking" selected="false">
<title>Enable Safari Pop-up Blocking</title>
          
<description> Set 
<xhtml:b>Block pop-ups</xhtml:b> to Checked. </description>
 
<rationale> </rationale> <check system="http://oval.mitre.org/XMLSchema/oval-definitions-5">
	<check-content-ref href="iOS5-oval-gov.nsa.iad.xml" name="oval:gov.nsa.iad:def:104"/>
</check>
</Rule>
<Rule id="accept_cookies_from_visited_sites_only" selected="false">
<title>Accept Cookies from Visited Sites Only</title>
          
<description> Set 
<xhtml:b>Accept cookies</xhtml:b> to From visited sites. </description>
 
<rationale> </rationale> <check system="http://oval.mitre.org/XMLSchema/oval-definitions-5">
	<check-content-ref href="iOS5-oval-gov.nsa.iad.xml" name="oval:gov.nsa.iad:def:168"/>
</check>
</Rule>

</Group>

<Group id="icloud_configuration">
<title>iCloud configuration</title>
 
<description> Policies regarding the usage of &#8220;cloud&#8221; storage services continue to evolve, as do the assurances of safety by cloud providers. In general, if there is a need to store potentially sensitive information on the iOS device, then the following restrictions are recommended. </description>
 <Rule id="disable_icloud_backups" selected="false">
<title>Disable iCloud Backups</title>
          
<description> Set 
<xhtml:b>Allow backup</xhtml:b> to Unchecked. </description>
 <check system="http://oval.mitre.org/XMLSchema/oval-definitions-5">
	<check-content-ref href="iOS5-oval-gov.nsa.iad.xml" name="oval:gov.nsa.iad:def:148"/>
</check>
</Rule>
<Rule id="disable_icloud_document_sync" selected="false">
<title>Disable iCloud Document Sync</title>
          
<description> Set 
<xhtml:b>Allow document sync</xhtml:b> to Unchecked. </description>
 <check system="http://oval.mitre.org/XMLSchema/oval-definitions-5">
	<check-content-ref href="iOS5-oval-gov.nsa.iad.xml" name="oval:gov.nsa.iad:def:154"/>
</check>
</Rule>
<Rule id="disable_icloud_photo_stream" selected="false">
<title>Disable iCloud Photo Stream</title>
          
<description> Set 
<xhtml:b>Allow Photo Stream</xhtml:b> to Unchecked. </description>
 <check system="http://oval.mitre.org/XMLSchema/oval-definitions-5">
	<check-content-ref href="iOS5-oval-gov.nsa.iad.xml" name="oval:gov.nsa.iad:def:146"/>
</check>
</Rule>

</Group>

<Group id="security_and_privacy">
<title>Security and Privacy</title>
 
<description> The 
<xhtml:b>Security and Privacy</xhtml:b> restrictions can control whether the device will send diagnostic data to Apple, whether the device will require the user to encrypt backups, and whether the user can decide to accept untrusted TLS certificates. </description>
 <Rule id="disable_sending_diagnostic_data_to_apple" selected="false">
<title>Disable Sending Diagnostic Data to Apple</title>
          
<description> Set 
<xhtml:b>Allow diagnositic data to be sent to Apple</xhtml:b> to Unchecked, if this presents concerns about inadvertent transmission of sensitive data. </description>
 <check system="http://oval.mitre.org/XMLSchema/oval-definitions-5">
	<check-content-ref href="iOS5-oval-gov.nsa.iad.xml" name="oval:gov.nsa.iad:def:102"/>
</check>
</Rule>
<Rule id="disable_user_acceptance_of_untrusted_tls_certificates" selected="false">
<title>Disable User Acceptance of Untrusted TLS Certificates</title>
          
<description> Set 
<xhtml:b>Allow user to accept untrusted TLS certificates</xhtml:b> to Unchecked. </description>
 
<rationale> Root CAs trusted by iOS are available at <xhtml:a href="http://support.apple.com/kb/HT5012">http://support.apple.com/kb/HT5012</xhtml:a>. </rationale> <check system="http://oval.mitre.org/XMLSchema/oval-definitions-5">
	<check-content-ref href="iOS5-oval-gov.nsa.iad.xml" name="oval:gov.nsa.iad:def:240"/>
</check>
</Rule>
<Rule id="force_encrypted_backups" selected="false">
<title>Force Encrypted Backups</title>
          
<description> Set 
<xhtml:b>Force encrypted backups</xhtml:b> to Checked, to protect device backups if the host later becomes compromised. </description>
  <check system="http://oval.mitre.org/XMLSchema/oval-definitions-5">
	<check-content-ref href="iOS5-oval-gov.nsa.iad.xml" name="oval:gov.nsa.iad:def:106"/>
</check>
</Rule>

</Group>

</Group>

<Group id="wi_fi">
<title>Wi-Fi</title>
 
<description> iOS devices support 802.1X authentication for WPA2 Enterprise networks, and this is strongly recommended. A RADIUS server is required for 802.1X authentication and typically involves the use of public key infrastructure. User education and training is also important, since the user has control over the device&#8217;s network settings. Section  contains information for users. DoD Instruction 8420.01, available at <xhtml:a href="http://www.dtic.mil/whs/directives/corres/pdf/842001p.pdf">http://www.dtic.mil/whs/directives/corres/pdf/842001p.pdf</xhtml:a>, provides information for DoD entities regarding the configuration and deployment of WiFi networks. </description>
 
<Group id="use_wpa__wpa2_enterprise_for_wi_fi_encryption">
<title>Use WPA / WPA2 Enterprise for Wi-Fi Encryption</title>
           
<description> Using 
<xhtml:b>WPA / WPA2 Enterprise</xhtml:b> with 
<xhtml:b>TLS</xhtml:b> for authentication is recommended. If TLS support is not available, 
<xhtml:b>PEAP</xhtml:b> is the next best choice for authentication. All other authentication protocols are not recommended. </description>
 
<rationale> Use 
<xhtml:b>WPA / WPA2</xhtml:b> if authentication support is not available. Proxy servers can be configured with WiFi as another layer for providing control of the connection. </rationale> 
</Group>
<Rule id="disable_auto_join_for_wi_fi" selected="false">
<title>Disable Auto-Join for Wi-Fi</title>
           
<description>Ensure that 
<xhtml:b>Auto Join</xhtml:b> is disabled for WiFi networks. </description>
 
<rationale> Disabling auto join ensures that users are aware of when connections to WiFi networks are being made. </rationale>  <check system="http://oval.mitre.org/XMLSchema/oval-definitions-5">
	<check-content-ref href="iOS5-oval-gov.nsa.iad.xml" name="oval:gov.nsa.iad:def:166"/>
</check>
</Rule>

</Group>

<Group id="vpn">
<title>VPN</title>
 
<description> VPN connectivity obviously depends on an enterprise&#8217;s available infrastructure, but VPNs which use IPsec are preferred. Several SSL VPNs are also supported by iOS. Actual VPNs are preferred over SSL VPNs as they are designed to protect systemwide network communications. Note, however, that at this time iOS VPNs cannot be configured to route all traffic through a VPN, and operate in split tunnel mode. This behavior occurs even if 
<xhtml:b>Send All Traffic</xhtml:b> is selected as part of any VPN&#8217;s configuration. </description>
 
<Group id="select_ipsec_cisco_or_l2tp_for_use_as_vpn">
<title>Select IPsec (Cisco) or L2TP for Use as VPN</title>
          
<description> Select 
<xhtml:b>IPsec (Cisco)</xhtml:b> or 
<xhtml:b>L2TP</xhtml:b> (which also uses IPsec) for use as the Connection Type if possible. Use of hardware tokens is generally preferred over passwords for user authentication. </description>
 
<rationale> Apple provides documentation regarding iOS VPN capabilities in the following documents: <xhtml:ul>
<xhtml:li>VPN Server Configuration for iOS Devices, available at \<xhtml:a href="http://help.apple.com/iosdeployment-vpn/">http://help.apple.com/iosdeployment-vpn/</xhtml:a> </xhtml:li>
<xhtml:li>iOS: Supported protocols for VPN, available at \<xhtml:a href="http://support.apple.com/kb/HT1288">http://support.apple.com/kb/HT1288</xhtml:a> </xhtml:li></xhtml:ul>The following documents provide recommendations for configuring VPNs in an enterprise infrastructure: <xhtml:ul>
<xhtml:li>Guide to IPSec VPNs (NIST SP 800-77), available at \<xhtml:a href="http://csrc.nist.gov/publications/nistpubs/800-77/sp800-77.pdf">http://csrc.nist.gov/publications/nistpubs/800-77/sp800-77.pdf</xhtml:a>. </xhtml:li>
<xhtml:li>Guide to SSL VPNs (NIST SP 800-113), available at \<xhtml:a href="http://csrc.nist.gov/publications/nistpubs/800-113/SP800-113.pdf">http://csrc.nist.gov/publications/nistpubs/800-113/SP800-113.pdf</xhtml:a>. </xhtml:li></xhtml:ul></rationale>  
</Group>

</Group>

<Group id="email">
<title>Email</title>
 
<description> Permitting users to access only enterprise-supported email accounts decreases the risk posed by email-based attacks. It ensures that enterprise-provided countermeasures against email attacks (such as content filters or anti-virus software) can scan email transmitted to the device. </description>
 <Rule id="prevent_moving_messages_between_mail_accounts" selected="false">
<title>Prevent Moving Messages between Mail Accounts</title>
          
<description> Disable 
<xhtml:b>Allow Move</xhtml:b> for all email accounts. </description>
 <check system="http://oval.mitre.org/XMLSchema/oval-definitions-5">
	<check-content-ref href="iOS5-oval-gov.nsa.iad.xml" name="oval:gov.nsa.iad:def:144"/>
</check>
</Rule>
<Rule id="enable_ssl_for_mail_connections" selected="false">
<title>Enable SSL for Mail Connections</title>
                   
<description> Ensure 
<xhtml:b>Use SSL</xhtml:b> is enabled for all incoming and outgoing email accounts. </description>
 <check system="http://oval.mitre.org/XMLSchema/oval-definitions-5">
	<check-content-ref href="iOS5-oval-gov.nsa.iad.xml" name="oval:gov.nsa.iad:def:124"/>
</check>
</Rule>
<Rule id="enable_s_mime_support_for_mail_if_needed" selected="false">
<title>Enable S/MIME Support for Mail if Needed</title>
          
<description> Set 
<xhtml:b>Enable S/MIME</xhtml:b> to Checked, if encrypted and authenticated email support is needed. \Ensure that transmission of configuration profiles to devices is encrypted and authenticated if S/MIME certificates containing private keys are embedded. The iOS device can also be configured to use an SCEP server to retrieve S/MIME certificates for use with Mail. </description>
  <check system="http://oval.mitre.org/XMLSchema/oval-definitions-5">
	<check-content-ref href="iOS5-oval-gov.nsa.iad.xml" name="oval:gov.nsa.iad:def:160"/>
</check>
</Rule>

</Group>

<Group id="exchange_activesync">
<title>Exchange ActiveSync</title>
 
<description> If your organization employs Microsoft Exchange to manage user accounts and maintain device policies, configuring Exchange ActiveSync will bind the device to the user&#8217;s Microsoft Exchange account, syncing email, calendars and contacts with the device. </description>
 <Rule id="prevent_moving_messages_between_activesync_accounts" selected="false">
<title>Prevent moving messages between ActiveSync accounts</title>
          
<description> Disable 
<xhtml:b>Allow Move</xhtml:b> for all Exchange ActiveSync accounts. </description>
 <check system="http://oval.mitre.org/XMLSchema/oval-definitions-5">
	<check-content-ref href="iOS5-oval-gov.nsa.iad.xml" name="oval:gov.nsa.iad:def:108"/>
</check>
</Rule>

<Group id="allow_mail_from_this_account_only_from_the_mail_app">
<title>Allow Mail from this Account Only from the Mail App</title>
          
<description> Enable 
<xhtml:b>Use Only in Mail</xhtml:b> for all Exchange ActiveSync accounts. </description>
 
</Group>
<Rule id="enable_ssl_for_activesync_communications" selected="false">
<title>Enable SSL for ActiveSync Communications</title>
          
<description> Ensure 
<xhtml:b>Use SSL</xhtml:b> is Checked for all Exchange ActiveSync accounts. </description>
 <check system="http://oval.mitre.org/XMLSchema/oval-definitions-5">
	<check-content-ref href="iOS5-oval-gov.nsa.iad.xml" name="oval:gov.nsa.iad:def:150"/>
</check>
</Rule>
<Rule id="enable_s_mime_support_for_activesync_if_needed" selected="false">
<title>Enable S/MIME Support for ActiveSync if Needed</title>
          
<description> Set 
<xhtml:b>Enable S/MIME</xhtml:b> to Checked, if encrypted and authenticated email support is needed. \Ensure that transmission of configuration profiles to devices is encrypted and authenticated if S/MIME certificates containing private keys are embedded. The iOS device can also be configured to use an SCEP server to retrieve S/MIME certificates for use with Mail. </description>
  <check system="http://oval.mitre.org/XMLSchema/oval-definitions-5">
	<check-content-ref href="iOS5-oval-gov.nsa.iad.xml" name="oval:gov.nsa.iad:def:156"/>
</check>
</Rule>

</Group>

<Group id="ldap">
<title>LDAP</title>
 <Rule id="enable_ssl_for_ldap_connections" selected="false">
<title>Enable SSL for LDAP Connections</title>
          
<description> Ensure 
<xhtml:b>Use SSL</xhtml:b> is enabled if using an LDAP service. </description>
  <check system="http://oval.mitre.org/XMLSchema/oval-definitions-5">
	<check-content-ref href="iOS5-oval-gov.nsa.iad.xml" name="oval:gov.nsa.iad:def:126"/>
</check>
</Rule>

</Group>

<Group id="caldav">
<title>CalDav</title>
 <Rule id="enable_ssl_for_caldav_connections" selected="false">
<title>Enable SSL for CalDav Connections</title>
          
<description> Ensure 
<xhtml:b>Use SSL</xhtml:b> is enabled if using a CalDav service. </description>
  <check system="http://oval.mitre.org/XMLSchema/oval-definitions-5">
	<check-content-ref href="iOS5-oval-gov.nsa.iad.xml" name="oval:gov.nsa.iad:def:241"/>
</check>
</Rule>

</Group>

<Group id="subscribed_calendars">
<title>Subscribed Calendars</title>
 <Rule id="enable_ssl_for_subscribed_calendar_connections" selected="false">
<title>Enable SSL for Subscribed Calendar Connections</title>
          
<description> Ensure 
<xhtml:b>Use SSL</xhtml:b> is enabled if connecting to calendar subscriptions. </description>
  <check system="http://oval.mitre.org/XMLSchema/oval-definitions-5">
	<check-content-ref href="iOS5-oval-gov.nsa.iad.xml" name="oval:gov.nsa.iad:def:242"/>
</check>
</Rule>

</Group>

<Group id="carddav">
<title>CardDav</title>
 <Rule id="enable_ssl_for_carddav_connections" selected="false">
<title>Enable SSL for CardDav Connections</title>
          
<description> Enable 
<xhtml:b>Use SSL</xhtml:b> if using a CardDav service. </description>
  <check system="http://oval.mitre.org/XMLSchema/oval-definitions-5">
	<check-content-ref href="iOS5-oval-gov.nsa.iad.xml" name="oval:gov.nsa.iad:def:243"/>
</check>
</Rule>

</Group>

<Group id="credentials">
<title>Credentials</title>
 
<description> If your organization employs any self-signed certificates, embed them in the configuration profile or use SCEP (See Section ) to distribute. Note that embeddeding any credentials into the configuration profile introduces the need for encryption during profile deployment as discussed in Section . </description>
  
</Group>

<Group id="scep">
<title>SCEP</title>
 
<description> If your organization will use the Simple Certificate Enrollment Protocol to distribute certificates and configuration profiles, include its settings with the configuration profile. These settings may be handled by MDM products in a manner that is automated, and not tied to individual users. </description>
 
<Group id="set_a_challenge_password">
<title>Set a Challenge Password</title>
 
<description> In the 
<xhtml:b>Challenge</xhtml:b> field, enter a strong passphrase to be used as a pre-shared secret for automatic enrollment. </description>
  
</Group>

</Group>

<Group id="mobile_device_management">
<title>Mobile Device Management</title>
 
<description> Some behavior of Mobile Device Management (MDM) software can be configured inside a configuration profile. This includes how much information an MDM server can retrieve from a device, whether an MDM server can update profiles remotely, whether an MDM server can remotely wipe a device, and whether an MDM server can reset a device&#8217;s password. These settings allow for more fine-grained adjustment between enterprise control versus user control of a device. Some MDM products may not permit administrators to disable some of their capability for querying devices. </description>
 <Rule id="sign_messages" selected="false">
<title>Sign Messages</title>
          
<description> Set 
<xhtml:b>Sign messages</xhtml:b> to Checked. </description>
 
<rationale> This setting causes responses generated by the device (in response to commands from the MDM server) to be signed with the device&#8217;s identity certificate. </rationale> <check system="http://oval.mitre.org/XMLSchema/oval-definitions-5">
	<check-content-ref href="iOS5-oval-gov.nsa.iad.xml" name="oval:gov.nsa.iad:def:118"/>
</check>
</Rule>
<Rule id="check_out_when_removed" selected="false">
<title>Check Out When Removed</title>
          
<description> Set 
<xhtml:b>Check out when removed</xhtml:b> to Checked. </description>
 
<rationale> This causes the device to send a message to the MDM server whenever the configuration profile is removed. </rationale> <check system="http://oval.mitre.org/XMLSchema/oval-definitions-5">
	<check-content-ref href="iOS5-oval-gov.nsa.iad.xml" name="oval:gov.nsa.iad:def:120"/>
</check>
</Rule>

<Group id="access_rights_for_remote_administrators">
<title>Access Rights for Remote Administrators</title>
 
<description> The following settings control what an MDM server is permitted to query from an iOS device. For an enterprise-owned, enterprise-controlled device, permitting the enterprise administrator to query as much information as possible is appropriate. Some MDM products may simply include these access rights by default and offer options to retrieve less information from the device. At the same time, querying all of these types of information may not be appropriate even for some enterprise users, and for enterprises that support BYOD scenarios. The terms of any individual organization&#8217;s &#8220;BYOD Contract&#8221; with their users is beyond the scope of this document. </description>
 
<Group id="allow_remote_query_of_general_settings">
<title>Allow Remote Query of General Settings</title>
          
<description> In the 
<xhtml:b>Query device for</xhtml:b> section, set 
<xhtml:b>General settings</xhtml:b> to Checked. </description>
 
</Group>

<Group id="allow_remote_query_of_network_settings">
<title>Allow Remote Query of Network Settings</title>
          
<description> In the 
<xhtml:b>Query device for</xhtml:b> section, set 
<xhtml:b>Network settings</xhtml:b> to Checked. </description>
 
</Group>

<Group id="allow_remote_query_of_security_settings">
<title>Allow Remote Query of Security Settings</title>
          
<description> In the 
<xhtml:b>Query device for</xhtml:b> section, set 
<xhtml:b>Security settings</xhtml:b> to Checked. </description>
 
</Group>

<Group id="allow_remote_query_of_restrictions">
<title>Allow Remote Query of Restrictions</title>
          
<description> In the 
<xhtml:b>Query device for</xhtml:b> section, set 
<xhtml:b>Restriction</xhtml:b> to Checked. </description>
 
</Group>

<Group id="allow_remote_query_of_configuration_profiles">
<title>Allow Remote Query of Configuration Profiles</title>
          
<description> In the 
<xhtml:b>Query device for</xhtml:b> section, set 
<xhtml:b>Configuration Profiles</xhtml:b> to Checked. </description>
 
</Group>

<Group id="allow_remote_query_of_provisioning_profiles">
<title>Allow Remote Query of Provisioning Profiles</title>
          
<description> In the 
<xhtml:b>Query device for</xhtml:b> section, set 
<xhtml:b>Provisioning Profiles</xhtml:b> to Checked. </description>
 
</Group>

<Group id="allow_remote_query_of_applications">
<title>Allow Remote Query of Applications</title>
          
<description> In the 
<xhtml:b>Query device for</xhtml:b> section, set 
<xhtml:b>Applications</xhtml:b> to Checked. </description>
 
</Group>

<Group id="allow_remote_addition_removal_of_configuration_profiles">
<title>Allow Remote Addition/Removal of Configuration Profiles</title>
          
<description> In the 
<xhtml:b>Add / Remove</xhtml:b> section, set 
<xhtml:b>Configuration Profiles</xhtml:b> to Checked. </description>
 
</Group>

<Group id="allow_remote_addition_removal_of_provisioning_profiles">
<title>Allow Remote Addition/Removal of Provisioning Profiles</title>
          
<description> In the 
<xhtml:b>Add / Remove</xhtml:b> section, set 
<xhtml:b>Provisioning Profiles</xhtml:b> to Checked. </description>
 
<rationale> This allows an MDM to be able to update profiles remotely. </rationale> 
</Group>

<Group id="allow_or_disallow_remote_change_of_device_password">
<title>Allow or Disallow Remote Change of Device Password</title>
          
<description> In the 
<xhtml:b>Security</xhtml:b> section, set 
<xhtml:b>Change device password</xhtml:b> to Unchecked or Checked. This entails a risk decision, though Checked is likely to be appropriate for most scenarios. </description>
 
<rationale> Most enterprises are likely well-served by permitting the MDM administrator to remotely send a change password command, in order to allow users with forgotten passcodes to maintain access to their devices. This would also permit an enterprise with appropriate authority, and which needed to overcome the Data Protection feature (such as for forensics purposes) the ability to do so. \\At the same time, an attacker who has compromised communications between the device and its MDM server (or the MDM server itself), could maliciously send a password-change command to defeat the data-at-rest protection on the devices. This would depend upon an attacker&#8217;s physical compromise of the device as well as compromise of TLS communications (or the MDM server itself). This unlikely scenario is described in Schuetz. </rationale> 
</Group>

<Group id="allow_remote_wipe">
<title>Allow Remote Wipe</title>
          
<description> Set 
<xhtml:b>Remote wipe</xhtml:b> to Checked. </description>
 
<rationale> This permits an MDM server administrator to remotely wipe an iOS device in the event that it is lost. \\Note also that a layered configuration profile approach which involves specific configuration profiles permitting access to specific services (which can be removed by an MDM server), effectively permits selective removal of access to services (and their local data). This can provide a form of remote wipe that is more appropriate with BYOD scenarios that are incompatible with IT staff wiping entire devices. </rationale>     
</Group>

</Group>

</Group>

</Group>

<Group id="manually_configured_device_settings">
<title>Manually-Configured Device Settings</title>
 
<description> The following security-relevant settings can be manually applied. These settings depend on the user&#8217;s control of the device, and thus training users can help them make appropriate choices. </description>
 
<Group id="disable_loading_of_remote_images_if_practical">
<title>Disable Loading of Remote Images, if Practical</title>
 
<description> To disable the automatic loading of images in email, set 
<xhtml:b>Settings &gt; Mail, Contacts, Calendars&gt; Load Remote Images &gt; Off </xhtml:b> , if this is practical. </description>
 
<rationale> Automatically loading images in email messages can leak usage information to authors of fraudulent email. It can also provide an opportunity for malicious images to exploit any implementation flaws in complex graphics libraries. At the same time, this may also inhibit viewing of images that are useful. </rationale> 
</Group>

<Group id="disable_bluetooth_manually_if_practical">
<title>Disable Bluetooth Manually, if Practical</title>
 
<description> To disable Bluetooth, set 
<xhtml:b>Settings &gt; General &gt; Bluetooth &gt; Off</xhtml:b> when practical. </description>
 
<rationale> Leaving Bluetooth enabled can expose the presence of an iOS device, although the device provides visual cues when it is in the Bluetooth &#8220;discoverable&#8221; mode which allows it to pair with other devices. The Bluetooth profiles supported by iOS are described at <xhtml:a href="http://support.apple.com/kb/HT3647">http://support.apple.com/kb/HT3647</xhtml:a>. </rationale> 
</Group>

<Group id="disable_wi_fi_if_practical">
<title>Disable Wi-Fi, if Practical</title>
 
<description> If the iOS device is not to be connected to a Wi-Fi network, disable Wi-Fi. Set 
<xhtml:b>Settings &gt; General &gt; Network &gt; Wi-Fi &gt; Wi-Fi &gt; Off</xhtml:b>. </description>
 
<rationale> Disabling 
<xhtml:b>Ask to Join Networks</xhtml:b> will prevent the phone from automatically associating with previously known (but potentially-spoofed) access points without user interaction, and should be disabled whenever possible. Users should be instructed to use only trusted WiFi networks, as discussed in Section . </rationale> 
</Group>

<Group id="disable_ping_manually">
<title>Disable Ping Manually</title>
 
<description> If Ping could spread potentially sensitive information, disable it by setting 
<xhtml:b>Settings &gt; General &gt; Restrictions &gt; Ping &gt; Off</xhtml:b>. </description>
 
<rationale> Ping is Apple&#8217;s social network for music. </rationale> 
</Group>

<Group id="disable_location_services_if_practical">
<title>Disable Location Services, if Practical</title>
  
<description> If the ability of apps and web pages to determine the location of the device poses an unacceptable risk, disable Location Services. Set 
<xhtml:b>Settings &gt; General &gt; Location Services &gt; Off</xhtml:b>. Note also that usage of Location Service can be controlled on a per-app basis, at the user&#8217;s discretion. Given the utility of location information for some apps (such as Maps), user-determined settings may be most practical. </description>
 
<rationale> If an application (such as Maps) wishes to use Location Services while being disabled, the user will be prompted to return to 
<xhtml:b>Settings</xhtml:b> to enable it. </rationale> 
</Group>

</Group>

</Group>

<Group id="device_usage_and_handling">
<title>Device Usage and Handling</title>
  
<description> This chapter provides recommendations on device usage and handling, for both administrators and users. Section  provides handling and usage guidance for administrators. These topics include issuing devices, managing and accounting for devices once in users&#8217; hands, and effectively educating users on secure device usage. Section  provides handling and usage guidance for users, which must be effectively communicated by administrators. These topics include important recommendations such as maintaining physical control of the device, not jailbreaking the device, and preventing connections to untrusted networks. This section closes with suggested usage statements that could be provided to users. </description>
 
<Group id="handling_guidance_for_administrators">
<title>Handling Guidance for Administrators</title>
  
<description> If the enterprise is planning to procure and distribute devices to users, administrators should establish procedures for this activity. Some items from this section may not apply to BYOD scenarios, however, such as inventory management and prompt retirement of unsupported devices. </description>
            
<Group id="establish_a_user_training_program">
<title>Establish a User Training Program</title>
           
<description> Create or make available training resources to educate users about device security issues and organization policies. Ensure that all device users are aware of risks and properly trained to mitigate them. </description>
 
<rationale> Security and policy awareness training reduces the risk of user-originated security compromise. This relates closely to any agreements between the user and enterprise regarding device handling, which should be verified for each user prior to their being issued a device, as described in Section . </rationale>  
</Group>

<Group id="issuing_devices">
<title>Issuing Devices</title>
  
<description> This section provides recommendations for enterprises issuing iOS devices. </description>
 
<Group id="issue_only_supported_devices">
<title>Issue Only Supported Devices</title>
           
<description> Ensure that only supported hardware versions are issued. Supported hardware versions are defined as those that can run the latest version of iOS and receive all updates. To determine this, administrators will need to manually note which systems can be updated whenever security updates are provided. </description>
 
<rationale> Sometimes only the current version and the previous version of the iPhone or iPad hardware can run all updates. This suggests that IT planners should anticipate a 2 year (or 3 year, at most) refresh cycle for enterprise-purchased devices. </rationale> 
</Group>

<Group id="erase_and_reset_devices_if_re_issuing">
<title>Erase and Reset Devices, if Re-issuing</title>
           
<description> If re-issuing devices, erase them before distributing them to users. </description>
 
<rationale> Use the command 
<xhtml:b>Settings &gt; General &gt; Reset &gt; Erase All Content and Settings</xhtml:b> to erase a device. Clearing content and settings returns the device to a stable state and prevents accidental exposure of the prior user&#8217;s data. </rationale> 
</Group>

<Group id="update_device_to_user_registration">
<title>Update Device-to-User Registration</title>
           
<description> Establish a system for attributing individual devices to users prior to issuance. This information must be updated every time a device is issued or transferred. Existing inventory tracking systems or MDM software can enable automation of this process. The following pieces of information from each device can be useful: <xhtml:ul>
<xhtml:li>UDID (Unique Device Identifier) </xhtml:li>
<xhtml:li>Serial Number </xhtml:li>
<xhtml:li>IMEI (if equipped with a cellular connectivity) </xhtml:li>
<xhtml:li>Model Number </xhtml:li>
<xhtml:li>Wi-Fi MAC Address </xhtml:li>
<xhtml:li>Bluetooth MAC Address </xhtml:li></xhtml:ul>MDM products may also report this information. This information should be protected accordingly. </description>
 
</Group>

<Group id="verify_user_training_history">
<title>Verify User Training History</title>
           
<description> Ensure that users are familiar with the training before receiving a new device, and at regular intervals afterward. </description>
 
</Group>

<Group id="provide_recharging_hardware_with_device">
<title>Provide Recharging Hardware with Device</title>
           
<description> Distribute AC power adapters to users when issuing devices and warn users not to connect their devices to unauthorized systems. It may be prudent to distribute additional AC power adapters to remove the temptation to connect the devices to unknown PCs. </description>
 
<rationale> Connecting iOS devices to unauthorized systems, even if only intending to recharge the device, presents a security risk. Providing a power adapter, and easy access to replacements and additional adapters, will help combat temptation to connect to other systems. Users should never be left with connecting to a computer as their only option to recharge their device. </rationale>  
</Group>

</Group>

<Group id="dealing_with_a_lost_or_stolen_ios_device">
<title>Dealing with a Lost or Stolen iOS Device</title>
  
<description> If an iOS device is reported as lost or stolen, the device should be immediately disabled to prevent unauthorized use or access. The system administrator can issue a remote &#8220;Wipe&#8221; command to erase all media, data and settings from the device, restoring it to factory settings. Be aware of the circumstances under which issuing a wipe may not be possible, such as keeping a device in Airplane Mode or simply lacking network connectivity. </description>
 
<Group id="establish_procedure_for_lost_or_stolen_ios_devices">
<title>Establish Procedure for Lost or Stolen iOS devices</title>
           
<description> Establish and test a procedure to issue a wipe command to erase data from a lost or stolen iOS device. Ensure that users are also aware of their responsibilities to report lost or stolen devices, as documented in Section . \\Wipe commands can be issued by an MDM server or by Exchange ActiveSync. Users can also initiate remote wipe using iCloud, if the device is enrolled. </description>
  
</Group>

</Group>

<Group id="retire_devices_which_cannot_run_latest_os_version">
<title>Retire Devices Which Cannot Run Latest OS Version</title>
           
<description> Immediately retire any devices which cannot run the latest iOS version. This requires vigilance on the part of administrators, to monitor when an update is issued but is not supported on older devices. </description>
 
<rationale> iOS updates include both security patches as well as new functionality. Ensure that all iOS device hardware provided and managed by the enterprise can always run the latest iOS. For example, all iPhone 3G devices should be immediately retired, because they cannot run iOS 5. </rationale>  
</Group>

<Group id="monitor_devices_using_mdm_especially_for_updates">
<title>Monitor Devices Using MDM, Especially for Updates</title>
           
<description> As discussed in Section , MDM products enable enterprise integration and reporting for iOS devices. Regularly monitor the status of devices using MDM software and respond accordingly. Particularly important is ensuring that the version of iOS is kept up to date, which implies that all available security updates are installed. Some MDM products include the ability to disable access to enterprise resources if devices are not kept up to date or are otherwise not compliant. </description>
 
</Group>

</Group>

<Group id="handling_guidance_for_users">
<title>Handling Guidance for Users</title>
  
<description> User education is one of the strongest tools an organization can use to minimize the risk of security issues. Educating users helps raise awareness of their actions and helps them understand the reasoning behind policy decisions. This section details physical handling guidance and security policy topics to be reinforced to users through an organization-developed user education program. </description>
 
<Group id="physical_control">
<title>Physical Control</title>
  
<description> Maintain physical control of your iOS device at all times. </description>
 
<rationale> All guidance contained in this document depends upon uninterrupted physical control of your iOS device. It is your responsibility to maintain possession of the device. Never leave your iOS device unattended in an insecure location. An unattended device is at high risk for loss, theft, and other forms of compromise that could violate the confidentiality, integrity, or availability of the device and the information contained therein. </rationale> 
<Group id="surrendering_physical_control">
<title>Surrendering Physical Control</title>
  
<description> Learn the proper procedure for relinquishing control of the iOS device to another entity. </description>
 
<rationale> There are times when physical control of the iOS device must be surrendered, such as when passing through security or customs inspections. The following are possible methods of mitigating potential loss of personal, financial or company information. <xhtml:ul>
<xhtml:li>Before entering security or customs checkpoints, power down the iOS device, remove its SIM card using the SIM eject tool or an unwound paper clip, and place the SIM card in a physically separate location such as a bag or your coat pocket. </xhtml:li>
<xhtml:li>Place the device in a clear, tamper evident bag. </xhtml:li>
<xhtml:li>Ensure passcode is enabled. </xhtml:li></xhtml:ul>Organizations may elect to require all of these steps based on their security policy. </rationale> 
</Group>

<Group id="notify_security_or_administrative_personnel_upon_loss_of_physical_control">
<title>Notify Security or Administrative Personnel Upon Loss of Physical Control</title>
  
<description> Obtain the contact information of your System Security Officer (SSO) for use in reporting the loss of physical control of your iOS device and learn which scenarios require SSO notification. If there is any suspicion that a device has been accessed by an unauthorized user, report the incident immediately to the appropriate SSO or administrative personnel. </description>
 
<rationale> If a device is lost or stolen, the administrator or SSO should be contacted immediately in order to execute the remote wipe procedure through Microsoft Exchange as described in Section , and to create a detailed incident report describing the event. Even if you lose control of your iOS device for a period of time but regain it later, it should be inspected for signs of physical compromise by system administration or security personnel. If a compromise is suspected, actions should be taken to sanitize or destroy the device, depending on the sensitivity of the data and severity of the situation in which it was compromised. </rationale> 
</Group>

<Group id="be_aware_of_your_surroundings">
<title>Be Aware of Your Surroundings</title>
  
<description> Be aware of the danger of &#8220;shoulder surfing,&#8221; which refers to the ability of others to see your entry or viewing of sensitive information on the phone. </description>
 
<rationale> Because anyone nearby can potentially view any information displayed on the device, be wary of your environment when viewing any sensitive information, and particularly wary when entering passwords. Due to obvious physical and user interface constraints, password entry is susceptible to shoulder surfing, whether by observation of finger position or brief display of each character on-screen. Some third-party products may be available to mitigate this risk. </rationale> 
</Group>

<Group id="follow_procedures_for_secure_areas">
<title>Follow Procedures for Secure Areas</title>
  
<description> Learn the proper procedure for handling your iOS device in a secure area. </description>
 
<rationale> If your organization has a secure area for talking about confidential information, you should be educated about the risks of bringing your iOS device into those areas. The following policies may be implemented for device security in secure areas: <xhtml:ul>
<xhtml:li>Leave iOS devices outside conference rooms. </xhtml:li>
<xhtml:li>Applications that record audio or video must be removed or their use restricted. </xhtml:li>
<xhtml:li>Ensure the camera on the back of the iOS device is blocked (e.g. opaque tape) to prevent photo or video recording. </xhtml:li>
<xhtml:li>Ensure that all iOS devices, if present, are in airplane mode with Wi-Fi turned off. Refer to Chapter  for more information. </xhtml:li></xhtml:ul> </rationale>  
</Group>

</Group>

<Group id="do_not_jailbreak_or_unlock_your_ios_device">
<title>Do Not Jailbreak or Unlock Your iOS Device</title>
  
<description> Jailbreaking is a term that describes the process of modifying the iOS device&#8217;s operating system, often with the goal of running unsigned code or performing unsupported customizations to the operating system. Unlocking allows users to operate an iOS device on a cellular network it is not authorized to connect to. Unlocking an iOS device requires a jailbroken iOS device first. </description>
 
<warning> 
<xhtml:b>Do not jailbreak or unlock your iOS device.</xhtml:b> Doing so makes it much easier for attackers to introduce malicious code onto the device. </warning> 
<rationale>Jailbreaking significantly increases the iOS device&#8217;s susceptibility to compromise. It disables the enforcement of code signatures, a critical security feature. This enables access to a wide range of software with little accountability and minimal vetting. Jailbreaking tools also typically install and activates services that make the device easier to remotely access, such as SSH. </rationale>  
</Group>

<Group id="install_software_updates_when_available">
<title>Install Software Updates When Available</title>
  
<description> Install software updates as quickly as possible. Updates can be applied over-the-air, and are indicated by a red circle on the "Settings" app. Apply by following 
<xhtml:b>Settings &gt; General &gt; Software Update</xhtml:b>. </description>
 
<rationale> Software updates for iOS devices can contain fixes for security vulnerabilities. As these vulnerabilities often become public knowledge when the updates are released, installing updates as soon as they are available is strongly recommended. Supported 3rd party software should not be broken by updates. Prior to iOS 5, applying iOS updates always required the use of iTunes. Migrating from iOS 4 to iOS 5 also requires the use of iTunes. </rationale>  
</Group>

<Group id="connect_only_to_trusted_networks">
<title>Connect Only to Trusted Networks</title>
  
<description> Do not connect your iOS device to untrusted wireless networks. </description>
 
<rationale> Connections to untrusted WiFi networks introduce some risks. Attacks on the iOS device, or eavesdropping on the data it transmits, can occur due to use of such networks. Because the user controls the WiFi settings, he or she must understand the risks associated with untrusted wireless networks and behave responsibly. Some organizations have policies that forbid connection to non-enterprise controlled networks. Other organizations forbid or prevent the use of personal devices on enterprise networks. </rationale>  
</Group>

<Group id="email_accounts">
<title>Email Accounts</title>
  
<Group id="consider_risks_of_using_personal_email_accounts">
<title>Consider Risks of Using Personal Email Accounts</title>
  
<description> Do not add personal email accounts to your iOS device, unless you are comfortable with (or approved for) the additional risk. </description>
 
<rationale> Adding personal email accounts implies that personal, non-company data will be transferred to and stored on the device. This likely violates organizational policy with regard to use of company resources for personal use, but it also increases risk. It increases the risk of your personal information being compromised as a result of an attack against the device, and also increases the risks of company information being compromised as a result of an attack carried out against your personal email account. See the next section for more information about phishing attacks and the motivation for segregating email accounts between different systems. </rationale> 
</Group>

<Group id="be_aware_of_phishing">
<title>Be Aware of Phishing</title>
  
<description> Be aware of phishing attempts, including receiving mobile profiles from attackers. </description>
 
<rationale> Phishing is a term referring to a fraudulent communication (usually email) pretending to be from a reputable source asking for personal, financial or company information. Adding personal email accounts to your iOS device greatly increases your availability to receive phishing emails, which may accidentally release important information about yourself or your organization. By removing personal email accounts from the device, you are protecting your organization from divulging information through your device to these malicious actors. </rationale>  
</Group>

</Group>

<Group id="disable_bluetooth_if_practical">
<title>Disable Bluetooth if Practical</title>
  
<description> Disable Bluetooth communication if not necessary. </description>
 
<rationale> Disabling Bluetooth reduces the possible attack surface for exploitation, although such vulnerabilities are rare and the iOS over-the-air update process enables rapid patching upon any public disclosure. Bluetooth also permits wireless device discovery and can be used to reveal a limited amount of information from the device. If practical, it is safest to keep Bluetooth disabled. The Bluetooth profiles available on iOS devices are documented at <xhtml:a href="http://support.apple.com/kb/HT3647">http://support.apple.com/kb/HT3647</xhtml:a>. </rationale>  
</Group>

<Group id="recharge_device_only_through_approved_methods">
<title>Recharge Device Only Through Approved Methods</title>
  
<description> Recharge your device by either connecting to an organization-approved system or by using the AC power adapter you received when you were issued your device. </description>
 
<rationale> Connecting your iOS device to unknown systems exposes the device to unnecessary risks, including the loss of personal or company information. Syncing only with trusted systems also helps maintain the integrity of your iOS device. </rationale>  
</Group>

<Group id="do_not_use_unapproved_peripherals_on_your_ios_device">
<title>Do Not Use Unapproved Peripherals on Your iOS Device</title>
  
<description> There exists many different types of iOS device accessories for use by consumers. Some of these devices allow access to a keyboard, magnetic card reader, or USB flash drive reader. </description>
 
<description> Users should only use accessories approved by your organization. </description>
 
<rationale> Due to the physical access nature of these accessories, security risks maybe present when attached to an iOS device. Approved accessories should be tested to ensure that nothing malicious is occurring from the accessory. </rationale>        
</Group>

</Group>

</Group>

<Group id="supporting_infrastructure">
<title>Supporting Infrastructure</title>
  
<description> This chapter contains recommendations for infrastructure elements which support iOS device deployment. </description>
            
<Group id="itunes">
<title>iTunes</title>
          
<description> With iOS 5, use of iTunes is no longer a prerequisite for deployment of iOS devices. However, iTunes supports the ability to back up data from iOS devices. If a backup capability is necessary, iTunes deployment in the enterprise may be necessary. Alternatively, data could be backed up in &#8220;cloud&#8221; services or users could be expected to back up iOS devices on personally-owned systems (as in a BYOD scenario). However, legal concerns may arise regarding the presense of enterprise data on personally-owned systems. \\If enterprise deployment of iTunes is planned in order to support the ability to back up iOS devices, it can be configured to improve its security posture. A small number of items are also presented which are of negligible security concern, but may be of interest to administrators who have network bandwidth or deployment concerns. \\Apple provides guidance for iTunes deployment in support of iOS at <xhtml:a href="http://help.apple.com/iosdeployment-itunes/">http://help.apple.com/iosdeployment-itunes/</xhtml:a>. <xhtml:ul>
<xhtml:li>Settings for Mac OS X systems, and mechanisms for deploying them, are described at \<xhtml:a href="http://support.apple.com/kb/HT2653">http://support.apple.com/kb/HT2653</xhtml:a> and \<xhtml:a href="http://support.apple.com/kb/HT3490">http://support.apple.com/kb/HT3490</xhtml:a>. </xhtml:li>
<xhtml:li>Settings for Windows systems are described at \<xhtml:a href="http://support.apple.com/kb/HT2102">http://support.apple.com/kb/HT2102</xhtml:a>. </xhtml:li></xhtml:ul>The following sections reference specific settings but do not provide implementation instructions, which vary by host platform and systems management mechanism. Most settings here also correspond to settings in the GUI, which become &#8220;grayed-out&#8221; if administratively disabled. </description>
 
<Group id="disable_music_sharing">
<title>Disable Music Sharing</title>
          
<description> To prevent the system from sharing music (and potentially other files) over the local network when iTunes is running, set the 
<xhtml:tt>disableSharedMusic</xhtml:tt> key to 
<xhtml:tt>true</xhtml:tt>. </description>
 
</Group>

<Group id="disable_ping">
<title>Disable Ping</title>
          
<description> To prevent users from using Ping to potentially share sensitive information, set the 
<xhtml:tt>disablePing</xhtml:tt> key to 
<xhtml:tt>true</xhtml:tt>. </description>
 
</Group>

<Group id="disable_itunes_store_if_bandwidth_constrained_">
<title>Disable iTunes Store (if Bandwidth Constrained)</title>
          
<description> If using the iTunes store is not appropriate due to limited bandwidth, set the 
<xhtml:tt>disableMusicStore</xhtml:tt> key to 
<xhtml:tt>YES</xhtml:tt>. </description>
 
</Group>

<Group id="disable_radio_if_bandwidth_constrained_">
<title>Disable Radio (if Bandwidth Constrained)</title>
          
<description> If using streaming audio is not appropriate due to limited bandwidth, set the 
<xhtml:tt>disableRadio</xhtml:tt> key to 
<xhtml:tt>YES</xhtml:tt>. </description>
 
</Group>

<Group id="use_activation_only_mode_if_direct_connectivity_unavailable_">
<title>Use Activation-Only Mode (if Direct Connectivity Unavailable)</title>
          
<description> iOS 5 permits device activation if network connectivity is available. However, if cellular or trusted WiFi network connectivity is not available to support device activation, iTunes can be put into a special mode to support rapid activation of multiple devices. This is described in <xhtml:a href="http://support.apple.com/kb/HT4335">http://support.apple.com/kb/HT4335</xhtml:a>. </description>
    
</Group>

</Group>

</Group>
</Benchmark>